avg_matches_won_per_country,player_id,matches_won,player_name,country_id
15.428571428571429,213972,88,Ines Ibbou,ALG       
31.692307692307693,105911,123,Andrea Collarini,ARG       
31.692307692307693,202058,32,Thiago Agustin Tirante,ARG       
31.692307692307693,206146,109,Catalina Pella,ARG       
31.692307692307693,202103,72,Francisco Cerundolo,ARG       
31.692307692307693,122536,35,Juan Pablo Paz,ARG       
31.692307692307693,104547,91,Horacio Zeballos,ARG       
31.692307692307693,206410,42,Guadalupe Perez Rojas,ARG       
31.692307692307693,206408,172,Nadia Podoroska,ARG       
31.692307692307693,202104,36,Sebastian Baez,ARG       
31.692307692307693,106057,68,Facundo Mena,ARG       
31.692307692307693,106164,33,Tomas Lipovsek Puches,ARG       
31.692307692307693,104919,118,Leonardo Mayer,ARG       
31.692307692307693,215140,55,Eugenia Ganga,ARG       
31.692307692307693,106228,165,Juan Ignacio Londero,ARG       
31.692307692307693,206147,42,Sofia Luini,ARG       
31.692307692307693,211920,39,Martina Capurro Taborda,ARG       
31.692307692307693,211921,84,Julieta Lara Estable,ARG       
31.692307692307693,106044,111,Nicolas Kicker,ARG       
31.692307692307693,106043,196,Diego Schwartzman,ARG       
31.692307692307693,106032,75,Facundo Arguello,ARG       
31.692307692307693,206345,120,Victoria Bosio,ARG       
31.692307692307693,206343,48,Stephanie Mariel Petit,ARG       
31.692307692307693,106398,83,Pedro Cachin,ARG       
31.692307692307693,105948,173,Federico Coria,ARG       
31.692307692307693,105952,139,Renzo Olivo,ARG       
31.692307692307693,106006,79,Agustin Velotti,ARG       
31.692307692307693,105487,218,Facundo Bagnis,ARG       
31.692307692307693,214106,62,Guillermina Naya,ARG       
31.692307692307693,207678,36,Juan Manuel Cerundolo,ARG       
31.692307692307693,214136,50,Melany Solange Krywoj,ARG       
31.692307692307693,104122,119,Carlos Berlocq,ARG       
31.692307692307693,105550,139,Guido Pella,ARG       
31.692307692307693,220699,39,Julia Riera,ARG       
31.692307692307693,126663,63,Juan Pablo Ficovich,ARG       
31.692307692307693,105477,151,Marco Trungelliti,ARG       
31.692307692307693,245117,122,Paula Ormaechea,ARG       
31.692307692307693,245123,60,Carla Lucero,ARG       
31.692307692307693,104216,58,Maximo Gonzalez,ARG       
31.692307692307693,214604,114,Maria Lourdes Carle,ARG       
31.692307692307693,214605,40,Agustina Chlpac,ARG       
31.692307692307693,105819,161,Guido Andreozzi,ARG       
31.692307692307693,105223,126,Juan Martin del Potro,ARG       
31.692307692307693,144869,73,Tomas Martin Etcheverry,ARG       
31.692307692307693,220446,58,Jazmin Ortenzi,ARG       
31.692307692307693,200116,54,Camilo Ugo Carabelli,ARG       
31.692307692307693,105643,175,Federico Delbonis,ARG       
13.6,206060,61,Ani Amiraghyan,ARM       
29.511848341232227,105441,111,John Patrick Smith,AUS       
29.511848341232227,106186,88,Jason Kubler,AUS       
29.511848341232227,215096,92,Jaimee Fourlis,AUS       
29.511848341232227,215189,31,Alana Parnaby,AUS       
29.511848341232227,202539,52,Alison Bai,AUS       
29.511848341232227,214040,39,Kimberly Birrell,AUS       
29.511848341232227,106291,92,Luke Saville,AUS       
29.511848341232227,106225,50,Andrew Whittington,AUS       
29.511848341232227,215018,110,Destanee Aiava,AUS       
29.511848341232227,214191,137,Seone Mendez,AUS       
29.511848341232227,214239,43,Sara Tomic,AUS       
29.511848341232227,105902,137,James Duckworth,AUS       
29.511848341232227,105595,54,Dayne Kelly,AUS       
29.511848341232227,105881,41,Matthew Barton,AUS       
29.511848341232227,203526,35,Tammi Patterson,AUS       
29.511848341232227,106109,130,Alex Bolt,AUS       
29.511848341232227,106071,101,Bernard Tomic,AUS       
29.511848341232227,105454,75,Brydan Klein,AUS       
29.511848341232227,105974,55,Maverick Banes,AUS       
29.511848341232227,106302,62,Andrew Harris,AUS       
29.511848341232227,202458,211,Ashleigh Barty,AUS       
29.511848341232227,200615,125,Alexei Popyrin,AUS       
29.511848341232227,201325,98,Samantha Stosur,AUS       
29.511848341232227,201542,104,Olivia Rogowska,AUS       
29.511848341232227,219940,42,Ivana Popovic,AUS       
29.511848341232227,220735,48,Tina Nadine Smith,AUS       
29.511848341232227,200282,164,Alex De Minaur,AUS       
29.511848341232227,216265,48,Olivia Gadecki,AUS       
29.511848341232227,126845,107,Max Purcell,AUS       
29.511848341232227,126846,96,Aleksandar Vukic,AUS       
29.511848341232227,106331,89,Christopher O'Connell,AUS       
29.511848341232227,110757,34,Jacob Grills,AUS       
29.511848341232227,106401,132,Nick Kyrgios,AUS       
29.511848341232227,106423,72,Thanasi Kokkinakis,AUS       
29.511848341232227,106425,34,Blake Mott,AUS       
29.511848341232227,215440,30,Alicia Smith,AUS       
29.511848341232227,201548,123,Ajla Tomljanovic,AUS       
29.511848341232227,117360,114,Marc Polmans,AUS       
29.511848341232227,117361,115,Akira Santillan,AUS       
29.511848341232227,215804,54,Kaylah Mcphee,AUS       
29.511848341232227,215811,52,Alexandra Bozovic,AUS       
29.511848341232227,201611,110,Daria Gavrilova,AUS       
29.511848341232227,215832,41,Gabriella Da Silva Fick,AUS       
29.511848341232227,117358,33,Harry Bourchier,AUS       
29.511848341232227,111442,201,Jordan Thompson,AUS       
29.511848341232227,111451,40,Bradley Mousley,AUS       
29.511848341232227,105051,116,Matthew Ebden,AUS       
29.511848341232227,213541,46,Alexandra Osborne,AUS       
29.511848341232227,213599,48,Jelena Stojanovic,AUS       
29.511848341232227,213666,105,Maddison Inglis,AUS       
29.511848341232227,205923,75,Abbie Myers,AUS       
29.511848341232227,105032,43,Sam Groth,AUS       
29.511848341232227,211941,68,Zoe Hives,AUS       
29.511848341232227,104594,88,Marinko Matosevic,AUS       
29.511848341232227,206391,99,Ellen Perez,AUS       
29.511848341232227,206390,92,Isabelle Wallace,AUS       
29.511848341232227,206362,111,Naiktha Bains,AUS       
29.511848341232227,206292,117,Astra Sharma,AUS       
29.511848341232227,211878,117,Lizette Cabrera,AUS       
29.511848341232227,211880,104,Priscilla Hon,AUS       
29.511848341232227,211881,73,Olivia Tjandramulia,AUS       
29.511848341232227,204411,66,Storm Sanders,AUS       
29.511848341232227,204412,43,Belinda Woolcock,AUS       
29.511848341232227,105357,157,John Millman,AUS       
30.56338028169014,105426,32,Michael Linzer,AUT       
30.56338028169014,110602,126,Dennis Novak,AUT       
30.56338028169014,105814,48,Maximilian Neuchrist,AUT       
30.56338028169014,221257,65,Sinja Kraus,AUT       
30.56338028169014,211330,44,Marlies Szupper,AUT       
30.56338028169014,211814,193,Julia Grabher,AUT       
30.56338028169014,204390,57,Pia Konig,AUT       
30.56338028169014,201481,65,Tamira Paszek,AUT       
30.56338028169014,111192,94,Lucas Miedler,AUT       
30.56338028169014,103781,45,Jurgen Melzer,AUT       
30.56338028169014,214818,87,Mira Antonitsch,AUT       
30.56338028169014,126634,33,Lenny Hampel,AUT       
30.56338028169014,200514,107,Jurij Rodionov,AUT       
30.56338028169014,124116,130,Sebastian Ofner,AUT       
30.56338028169014,202482,186,Barbara Haas,AUT       
30.56338028169014,106233,244,Dominic Thiem,AUT       
30.56338028169014,201659,114,Melanie Klaffner,AUT       
30.56338028169014,105589,113,Gerald Melzer,AUT       
4.4000000000000004,210920,14,Kerrie Cartwright,BAH       
31.5,105985,123,Darian King,BAR       
21.333333333333332,216367,59,Sada Nahimana,BDI       
44.476190476190474,201465,131,Kirsten Flipkens,BEL       
44.476190476190474,210801,48,Catherine Chantraine,BEL       
44.476190476190474,105074,143,Ruben Bemelmans,BEL       
44.476190476190474,211260,161,Marie Benoit,BEL       
44.476190476190474,206251,143,Kimberley Zimmermann,BEL       
44.476190476190474,213853,163,Eliessa Vanlangendonck,BEL       
44.476190476190474,215328,56,Margaux Bovy,BEL       
44.476190476190474,201518,110,Yanina Wickmayer,BEL       
44.476190476190474,205855,50,Elyne Boeykens,BEL       
44.476190476190474,213889,168,Greetje Minnen,BEL       
44.476190476190474,213855,126,Magali Kempen,BEL       
44.476190476190474,211303,65,Deborah Kerfs,BEL       
44.476190476190474,215039,101,Lara Salden,BEL       
44.476190476190474,204434,142,Ysaline Bonaventure,BEL       
44.476190476190474,105963,118,Arthur De Greef,BEL       
44.476190476190474,210722,232,Elise Mertens,BEL       
44.476190476190474,245108,141,Alison Van Uytvanck,BEL       
44.476190476190474,202420,52,An Sophie Mestach,BEL       
44.476190476190474,221003,55,Clara Vlasselaer,BEL       
44.476190476190474,105676,202,David Goffin,BEL       
44.476190476190474,211556,149,Helene Scholsen,BEL       
44.476190476190474,213888,58,Britt Geukens,BEL       
44.476190476190474,211321,45,Klaartje Liebens,BEL       
44.476190476190474,106293,165,Kimmer Coppejans,BEL       
44.476190476190474,106167,87,Joris De Loore,BEL       
44.476190476190474,200267,49,Zizou Bergs,BEL       
44.476190476190474,104327,106,Steve Darcis,BEL       
45.130434782608695,106000,187,Damir Dzumhur,BIH       
45.130434782608695,203456,82,Jelena Simic,BIH       
45.130434782608695,201492,121,Andrea Petkovic,BIH       
45.130434782608695,105806,147,Mirza Basic,BIH       
45.130434782608695,105493,52,Tomislav Brkic,BIH       
45.130434782608695,105060,76,Aldin Setkic,BIH       
45.130434782608695,215131,115,Nefisa Berberovic,BIH       
45.130434782608695,211296,120,Dea Herdzelas,BIH       
38.741379310344826,213576,94,Iryna Shymanovich,BLR       
38.741379310344826,106078,153,Egor Gerasimov,BLR       
38.741379310344826,216013,128,Yuliya Hatouka,BLR       
38.741379310344826,214544,225,Aryna Sabalenka,BLR       
38.741379310344826,105590,117,Uladzimir Ignatik,BLR       
38.741379310344826,203415,52,Ilona Kremen,BLR       
38.741379310344826,211426,62,Sadafmoh Tolibova,BLR       
38.741379310344826,201458,108,Victoria Azarenka,BLR       
38.741379310344826,203441,78,Sviatlana Pirazhenka,BLR       
38.741379310344826,216020,41,Katyarina Paulenka,BLR       
38.741379310344826,125802,197,Ilya Ivashka,BLR       
38.741379310344826,205925,150,Aliaksandra Sasnovich,BLR       
38.741379310344826,214304,116,Vera Lapko,BLR       
38.741379310344826,215707,102,Anna Kubareva,BLR       
38.741379310344826,216039,103,Shalimar Talbi,BLR       
38.741379310344826,201501,103,Olga Govortsova,BLR       
15.842105263157896,106198,125,Hugo Dellien,BOL       
15.842105263157896,210138,117,Noelia Zeballos,BOL       
15.842105263157896,105156,24,Federico Zeballos,BOL       
26.66346153846154,104738,31,Caio Zampieri,BRA       
26.66346153846154,104297,143,Rogerio Dutra Silva,BRA       
26.66346153846154,106252,60,Joao Pedro Sorgi,BRA       
26.66346153846154,110778,84,Joao Menezes,BRA       
26.66346153846154,106329,208,Thiago Monteiro,BRA       
26.66346153846154,206242,185,Beatriz Haddad Maia,BRA       
26.66346153846154,206194,140,Gabriela Ce,BRA       
26.66346153846154,215721,47,Rebeca Pereira,BRA       
26.66346153846154,211594,78,Ingrid Gamarra Martins,BRA       
26.66346153846154,126197,47,Orlando Luz,BRA       
26.66346153846154,213604,41,Luisa Stefani,BRA       
26.66346153846154,205734,65,Thiago Seyboth Wild,BRA       
26.66346153846154,205848,104,Nathaly Kurata,BRA       
26.66346153846154,106105,125,Guilherme Clezar,BRA       
26.66346153846154,213753,118,Thai Sa Grana Pedretti,BRA       
26.66346153846154,202694,64,Teliana Pereira,BRA       
26.66346153846154,200335,48,Felipe Meligeni Rodrigues Alves,BRA       
26.66346153846154,206007,127,Laura Pigossi,BRA       
26.66346153846154,245141,187,Carolina Meligeni Rodrigues Alves,BRA       
26.66346153846154,105064,111,Thomaz Bellucci,BRA       
26.66346153846154,106203,77,Pedro Sakamoto,BRA       
26.66346153846154,205933,65,Eduarda Piai,BRA       
26.66346153846154,104007,36,Andre Ghem,BRA       
26.66346153846154,105154,88,Joao Souza,BRA       
26.66346153846154,205591,82,Paula Cristina Goncalves,BRA       
38.939999999999998,211456,104,Julia Terziyska,BUL       
38.939999999999998,206336,153,Julia Stamatova,BUL       
38.939999999999998,201450,54,Tsvetana Pironkova,BUL       
38.939999999999998,220757,44,Lia Karatancheva,BUL       
38.939999999999998,211931,42,Gebriela Mihaylova,BUL       
38.939999999999998,202695,103,Aleksandrina Naydenova,BUL       
38.939999999999998,202688,213,Isabella Shinikova,BUL       
38.939999999999998,201691,132,Dia Evtimova,BUL       
38.939999999999998,106220,90,Dimitar Kuzmanov,BUL       
38.939999999999998,202600,185,Viktoriya Tomova,BUL       
38.939999999999998,202691,94,Ani Vangelova,BUL       
38.939999999999998,105777,171,Grigor Dimitrov,BUL       
38.939999999999998,214006,101,Petia Arshinkova,BUL       
38.939999999999998,202467,147,Elitsa Kostova,BUL       
38.939999999999998,215566,87,Gergana Topalova,BUL       
27,214577,37,Stacey Fung,CAN       
27,201486,34,Aleksandra Wozniak,CAN       
27,203475,91,Carol Zhao,CAN       
27,211796,104,Francoise Abanda,CAN       
27,213796,47,Petra Januskova,CAN       
27,105731,130,Steven Diez,CAN       
27,111790,121,Brayden Schnur,CAN       
27,105577,158,Vasek Pospisil,CAN       
27,201606,79,Rebecca Marino,CAN       
27,105683,167,Milos Raonic,CAN       
27,200000,162,Felix Auger Aliassime,CAN       
27,133430,164,Denis Shapovalov,CAN       
27,200008,30,Alexis Galarneau,CAN       
27,105166,163,Peter Polansky,CAN       
27,104433,51,Frank Dancevic,CAN       
27,215370,144,Bianca Andreescu,CAN       
27,202446,101,Eugenie Bouchard,CAN       
27,202681,33,Gabriela Dabrowski,CAN       
27,106290,73,Filip Peliwo,CAN       
27,220367,76,Leylah Annie Fernandez,CAN       
27,214684,105,Katherine Sebov,CAN       
27,221988,28,Bianca Jolie Fernandez,CAN       
27,221165,37,Raphaelle Lacasse,CAN       
37.771428571428572,210993,72,Ivania Martinich,CHI       
37.771428571428572,106174,55,Gonzalo Lama,CHI       
37.771428571428572,211903,180,Barbara Gatica,CHI       
37.771428571428572,106426,168,Cristian Garin,CHI       
37.771428571428572,206344,198,Fernanda Brito,CHI       
37.771428571428572,144642,109,Marcelo Tomas Barrios Vera,CHI       
37.771428571428572,126214,75,Alejandro Tabilo,CHI       
37.771428571428572,206037,157,Daniela Seguel,CHI       
37.771428571428572,111797,165,Nicolas Jarry,CHI       
29.524390243902438,201533,177,Shuai Zhang,CHN       
29.524390243902438,210536,40,Dan Ni Wang,CHN       
29.524390243902438,220497,36,Jiangxue Han,CHN       
29.524390243902438,216062,52,Meiling Wang,CHN       
29.524390243902438,216016,90,Xiyu Wang,CHN       
29.524390243902438,201397,106,Shuai Peng,CHN       
29.524390243902438,221012,81,Qinwen Zheng,CHN       
29.524390243902438,216133,101,Xin Yu Wang,CHN       
29.524390243902438,216162,59,Meiqi Guo,CHN       
29.524390243902438,215937,36,Shuo Feng,CHN       
29.524390243902438,202492,163,Qiang Wang,CHN       
29.524390243902438,214724,52,Jiaxi Lu,CHN       
29.524390243902438,215272,38,Zhuoma Ni Ma,CHN       
29.524390243902438,212034,145,Fang Ying Xun,CHN       
29.524390243902438,203288,141,Jia Jing Lu,CHN       
29.524390243902438,202504,73,Ying Ying Duan,CHN       
29.524390243902438,215250,80,Hanyu Guo,CHN       
29.524390243902438,111190,72,Zhizhen Zhang,CHN       
29.524390243902438,105842,89,Di Wu,CHN       
29.524390243902438,214608,85,Jia Qi Kang,CHN       
29.524390243902438,214646,111,Xiaodi You,CHN       
29.524390243902438,202453,144,Saisai Zheng,CHN       
29.524390243902438,202508,77,Yuxuan Zhang,CHN       
29.524390243902438,215249,30,Shou Na Mu,CHN       
29.524390243902438,202684,174,Lin Zhu,CHN       
29.524390243902438,214972,51,Shanshan Guo,CHN       
29.524390243902438,213558,47,Ao Gai,CHN       
29.524390243902438,215054,41,Siqi Cao,CHN       
29.524390243902438,202919,79,Chang Liu,CHN       
29.524390243902438,206107,30,Zhaoxuan Yang,CHN       
29.524390243902438,215946,82,Ye Xin Ma,CHN       
29.524390243902438,206283,55,Ziyue Sun,CHN       
29.524390243902438,214386,75,Xinyu Gao,CHN       
29.524390243902438,104810,100,Zhe Li,CHN       
29.524390243902438,206294,81,Yue Yuan,CHN       
29.524390243902438,203576,109,Kai Lin Zhang,CHN       
29.524390243902438,105585,95,Ze Zhang,CHN       
29.524390243902438,211719,85,Shilin Xu,CHN       
29.524390243902438,203578,135,Fangzhou Liu,CHN       
29.524390243902438,105339,46,Yan Bai,CHN       
29.524390243902438,213947,59,Ying Zhang,CHN       
29.524390243902438,201580,111,Xinyun Han,CHN       
29.524390243902438,201582,81,Jing Jing Lu,CHN       
29.524390243902438,215820,35,Yidi Yang,CHN       
29.524390243902438,215812,62,Shuyue Ma,CHN       
29.524390243902438,206374,128,Yafan Wang,CHN       
29.524390243902438,213821,59,Wushuang Zheng,CHN       
29.524390243902438,214328,80,Xu Liu Sun,CHN       
18.614285714285714,201531,78,Mariana Duque Marino,COL       
18.614285714285714,105053,99,Santiago Giraldo,COL       
18.614285714285714,105292,93,Alejandro Gonzalez,COL       
18.614285714285714,211043,59,Maria Paulina Perez Garcia,COL       
18.614285714285714,105679,19,Eduardo Struvay,COL       
18.614285714285714,215785,110,Maria Camila Osorio Serrano,COL       
18.614285714285714,211864,142,Maria Fernanda Herazo Gonzalez,COL       
18.614285714285714,104905,25,Nicolas Barrientos,COL       
18.614285714285714,123755,172,Daniel Elahi Galan,COL       
18.614285714285714,106181,22,Felipe Mantilla,COL       
18.614285714285714,200711,24,Nicolas Mejia,COL       
18.614285714285714,104268,31,Alejandro Falla,COL       
18.614285714285714,202464,84,Yuliana Lizarazo,COL       
18.614285714285714,105826,29,Alejandro Gomez Gb42,COL       
18.614285714285714,216151,21,Jessica Plazas,COL       
18.614285714285714,215306,89,Emiliana Arango,COL       
18.614285714285714,105578,37,Cristian Rodriguez,COL       
1.8,214641,4,Ariana Rahmanparast,CRC       
1.8,212268,2,Camila Quesada,CRC       
41.060606060606062,105227,198,Marin Cilic,CRO       
41.060606060606062,214521,106,Lea Boskovic,CRO       
41.060606060606062,210742,96,Mariana Drazic,CRO       
41.060606060606062,223087,54,Tara Wurth,CRO       
41.060606060606062,220716,91,Oleksandra Oliynykova,CRO       
41.060606060606062,105302,69,Ante Pavic,CRO       
41.060606060606062,103333,101,Ivo Karlovic,CRO       
41.060606060606062,213923,53,Nina Alibalic,CRO       
41.060606060606062,127339,89,Borna Gojo,CRO       
41.060606060606062,200002,47,Mirjana Lucic,CRO       
41.060606060606062,211951,109,Ana Konjuh,CRO       
41.060606060606062,105015,70,Franko Skugor,CRO       
41.060606060606062,126120,76,Nino Serdarusic,CRO       
41.060606060606062,211329,130,Tena Lukas,CRO       
41.060606060606062,201549,135,Petra Martic,CRO       
41.060606060606062,201617,43,Ana Vrljic,CRO       
41.060606060606062,201694,81,Silvia Njiric,CRO       
41.060606060606062,202499,157,Donna Vekic,CRO       
41.060606060606062,106432,138,Borna Coric,CRO       
41.060606060606062,206248,89,Iva Primorac,CRO       
41.060606060606062,213544,132,Jana Fett,CRO       
41.060606060606062,202659,160,Tereza Mrdeza,CRO       
3,211002,7,Yusleydis Smith Dias,CUB       
28.25,104571,81,Marcos Baghdatis,CYP       
35.174418604651166,204267,87,Petra Krejsova,CZE       
35.174418604651166,201662,244,Karolina Pliskova,CZE       
35.174418604651166,201520,192,Petra Kvitova,CZE       
35.174418604651166,201697,148,Kristyna Pliskova,CZE       
35.174418604651166,216225,56,Denisa Hindova,CZE       
35.174418604651166,214003,54,Nikola Tomanova,CZE       
35.174418604651166,214004,43,Vendula Zovincova,CZE       
35.174418604651166,201556,63,Lucie Hradecka,CZE       
35.174418604651166,203284,54,Katerina Vankova,CZE       
35.174418604651166,202702,141,Tereza Smitkova,CZE       
35.174418604651166,211406,116,Gabriela Pantuckova,CZE       
35.174418604651166,214956,156,Miriam Kolodziejova,CZE       
35.174418604651166,214954,139,Marketa Vondrousova,CZE       
35.174418604651166,214096,140,Karolina Muchova,CZE       
35.174418604651166,214148,136,Magdalena Pantuckova,CZE       
35.174418604651166,211700,79,Barbora Stefkova,CZE       
35.174418604651166,211701,163,Katerina Siniakova,CZE       
35.174418604651166,205981,70,Gabriela Horackova,CZE       
35.174418604651166,215166,39,Aneta Kladivova,CZE       
35.174418604651166,206124,176,Tereza Martincova,CZE       
35.174418604651166,200240,61,Vit Kopriva,CZE       
35.174418604651166,216185,56,Karolina Berankova,CZE       
35.174418604651166,219965,40,Laetitia Pulchartova,CZE       
35.174418604651166,215192,37,Veronika Vlkovska,CZE       
35.174418604651166,216186,69,Aneta Laboutkova,CZE       
35.174418604651166,213631,194,Marie Bouzkova,CZE       
35.174418604651166,215437,139,Monika Kilnarova,CZE       
35.174418604651166,201366,133,Barbora Zahlavova Strycova,CZE       
35.174418604651166,207830,58,Tomas Machac,CZE       
35.174418604651166,215693,82,Michaela Bayerlova,CZE       
35.174418604651166,214751,69,Barbora Miklova,CZE       
35.174418604651166,216073,49,Nikola Breckova,CZE       
35.174418604651166,206335,130,Jesika Maleckova,CZE       
35.174418604651166,216074,110,Anna Siskova,CZE       
35.174418604651166,206252,162,Barbora Krejcikova,CZE       
35.174418604651166,202653,81,Denisa Allertova,CZE       
35.174418604651166,215520,114,Johana Markova,CZE       
35.174418604651166,201425,62,Lucie Safarova,CZE       
35.174418604651166,209576,56,Barbora Matusova,CZE       
35.174418604651166,106210,165,Jiri Vesely,CZE       
35.174418604651166,222328,37,Linda Noskova,CZE       
35.174418604651166,106324,67,Vaclav Safranek,CZE       
35.174418604651166,105596,88,Jan Satral,CZE       
35.174418604651166,106361,109,Adam Pavlasek,CZE       
35.174418604651166,220740,36,Ivana Sebestova,CZE       
35.174418604651166,221307,37,Darja Vidmanova,CZE       
35.174418604651166,220461,39,Karolina Kubanova,CZE       
35.174418604651166,104607,99,Tomas Berdych,CZE       
35.174418604651166,104586,159,Lukas Rosol,CZE       
35.174418604651166,144645,150,Zdenek Kolar,CZE       
35.174418604651166,103285,40,Radek Stepanek,CZE       
35.174418604651166,245131,49,Diana Sumova,CZE       
35,111453,87,Mikael Torpegaard,DEN       
35,201496,160,Caroline Wozniacki,DEN       
35,208029,45,Holger Rune,DEN       
35,104233,78,Frederik Nielsen,DEN       
35,220704,124,Clara Tauson,DEN       
35,202471,65,Karen Barbat,DEN       
35,214770,49,Emilie Francati,DEN       
35,219983,91,Olga Helmi,DEN       
35,220272,46,Sofia Nami Samavati,DEN       
22.083333333333332,105497,108,Jose Hernandez,DOM       
22.083333333333332,103607,69,Victor Estrella,DOM       
22.083333333333332,106232,65,Roberto Cid,DOM       
26.095238095238095,211122,67,Charlotte Roemer,ECU       
26.095238095238095,105271,86,Gonzalo Escobar,ECU       
26.095238095238095,105933,128,Roberto Quiroz,ECU       
26.095238095238095,105877,149,Emilio Gomez,ECU       
26.095238095238095,221242,40,Mell Elizabeth Reasco Gonzalez,ECU       
15.417910447761194,211529,247,Sandra Samir,EGY       
15.417910447761194,210886,132,Mayar Sherif,EGY       
15.417910447761194,221083,22,Aya El Sayed,EGY       
15.417910447761194,221336,20,Amira Badawi,EGY       
15.417910447761194,205909,60,Ola Abou Zekry,EGY       
15.417910447761194,213974,102,Lamis Alhussein Abdel Aziz,EGY       
15.417910447761194,105633,138,Mohamed Safwat,EGY       
15.417910447761194,221473,16,Merna Refaat,EGY       
15.417910447761194,221474,26,Yasmin Ezzat,EGY       
15.417910447761194,105747,28,Karim Mohamed Maamoun,EGY       
34.604938271604937,105138,220,Roberto Bautista Agut,ESP       
34.604938271604937,215453,150,Marina Bassols Ribera,ESP       
34.604938271604937,200221,128,Alejandro Davidovich Fokina,ESP       
34.604938271604937,215798,96,Rosa Vicens Mas,ESP       
34.604938271604937,206253,161,Ivonne Cavalle Reimers,ESP       
34.604938271604937,201638,57,Estrella Cabeza Candela,ESP       
34.604938271604937,201640,63,Maria Teresa Torro Flor,ESP       
34.604938271604937,202418,112,Lara Arruabarrena,ESP       
34.604938271604937,213567,59,Maria Jose Luque Moreno,ESP       
34.604938271604937,213557,117,Maria Gutierrez Carrasco,ESP       
34.604938271604937,215571,109,Guiomar Maristany Zuleta De Reales,ESP       
34.604938271604937,206216,168,Olga Saez Larra,ESP       
34.604938271604937,105077,168,Albert Ramos,ESP       
34.604938271604937,222601,68,Jessica Bouzas Maneiro,ESP       
34.604938271604937,200095,79,Nicola Kuhn,ESP       
34.604938271604937,214236,87,Angela Fita Boluda,ESP       
34.604938271604937,106120,43,Ricardo Ojeda Lara,ESP       
34.604938271604937,214212,68,Noelia Bouzo Zanotti,ESP       
34.604938271604937,106148,214,Roberto Carballes Baena,ESP       
34.604938271604937,214937,116,Eva Guerrero Alvarez,ESP       
34.604938271604937,202916,165,Georgina Garcia Perez,ESP       
34.604938271604937,105807,196,Pablo Carreno Busta,ESP       
34.604938271604937,105782,99,Enrique Lopez Perez,ESP       
34.604938271604937,203463,184,Nuria Parrizas Diaz,ESP       
34.604938271604937,105751,68,Roberto Ortega Olmedo,ESP       
34.604938271604937,105529,54,Carlos Gomez Herrera,ESP       
34.604938271604937,106177,48,Oriol Roca Batalla,ESP       
34.604938271604937,105283,39,Gerard Granollers,ESP       
34.604938271604937,213835,119,Alba Carrillo Marin,ESP       
34.604938271604937,206276,50,Ainhoa Atucha Gomez,ESP       
34.604938271604937,202469,196,Garbine Muguruza,ESP       
34.604938271604937,215398,78,Lucia Cortez Llorca,ESP       
34.604938271604937,106408,109,Mario Vilella Martinez,ESP       
34.604938271604937,213706,154,Irene Burillo Escorihuela,ESP       
34.604938271604937,105515,38,Jordi Samper Montana,ESP       
34.604938271604937,105438,65,Inigo Cervantes Huegun,ESP       
34.604938271604937,214145,74,Julia Payola,ESP       
34.604938271604937,204427,194,Sara Sorribes Tormo,ESP       
34.604938271604937,215174,97,Claudia Hoste Ferrer,ESP       
34.604938271604937,211508,92,Josephine Boualem,ESP       
34.604938271604937,124079,143,Pedro Martinez,ESP       
34.604938271604937,103852,119,Feliciano Lopez,ESP       
34.604938271604937,220742,38,Leyre Romero Gormaz,ESP       
34.604938271604937,126523,132,Bernabe Zapata Miralles,ESP       
34.604938271604937,144719,156,Jaume Munar,ESP       
34.604938271604937,201521,121,Carla Suarez Navarro,ESP       
34.604938271604937,210622,119,Andrea Lazaro Garcia,ESP       
34.604938271604937,104269,126,Fernando Verdasco,ESP       
34.604938271604937,126535,148,Carlos Taberner,ESP       
34.604938271604937,216091,58,Ana Lantigua De La Nuez,ESP       
34.604938271604937,216078,67,Celia Cervino Ruiz,ESP       
34.604938271604937,104198,127,Guillermo Garcia Lopez,ESP       
34.604938271604937,104593,97,Daniel Gimeno Traver,ESP       
34.604938271604937,104665,97,Pablo Andujar,ESP       
34.604938271604937,104719,129,Marcel Granollers,ESP       
34.604938271604937,220781,51,Carlota Martinez Cirez,ESP       
34.604938271604937,103105,47,Ruben Ramirez Hidalgo,ESP       
34.604938271604937,104745,262,Rafael Nadal,ESP       
34.604938271604937,221454,38,Alba Rey Garcia,ESP       
34.604938271604937,103926,37,Daniel Munoz de la Nava,ESP       
34.604938271604937,206339,51,Olga Parres Azcoitia,ESP       
34.604938271604937,103970,83,David Ferrer,ESP       
34.604938271604937,211651,197,Paula Badosa,ESP       
34.604938271604937,104597,43,Nicolas Almagro,ESP       
34.604938271604937,209945,62,Almudena Sanz Llaneza Fernandez,ESP       
34.604938271604937,104629,146,Adrian Menendez Maceiras,ESP       
34.604938271604937,207989,66,Carlos Alcaraz Garfia,ESP       
34.604938271604937,103990,86,Tommy Robredo,ESP       
34.604938271604937,201562,93,Silvia Soler Espinosa,ESP       
30.565217391304348,216116,98,Elena Malygina,EST       
30.565217391304348,201466,127,Kaia Kanepi,EST       
30.565217391304348,216118,46,Maria Lota Kaul,EST       
30.565217391304348,105132,89,Jurgen Zopp,EST       
30.565217391304348,204426,178,Anett Kontaveit,EST       
13.894736842105264,105349,30,Harri Heliovaara,FIN       
13.894736842105264,200325,107,Emil Ruusuvuori,FIN       
13.894736842105264,215395,76,Oona Orpana,FIN       
13.894736842105264,126609,17,Patrik Niklas Salminen,FIN       
13.894736842105264,214741,129,Anastasia Kulikova,FIN       
13.894736842105264,220571,19,Liisa Vehvilainen,FIN       
13.894736842105264,203290,22,Piia Suomalainen,FIN       
13.894736842105264,211288,48,Mia Nicole Eklund,FIN       
38.351791530944624,203487,64,Andrea Ka,FRA       
38.351791530944624,105732,151,Pierre Hugues Herbert,FRA       
38.351791530944624,203564,134,Chloe Paquet,FRA       
38.351791530944624,103898,73,Julien Benneteau,FRA       
38.351791530944624,103908,44,Paul Henri Mathieu,FRA       
38.351791530944624,210865,70,Marie Temin,FRA       
38.351791530944624,220330,48,Margaux Orange,FRA       
38.351791530944624,210056,61,Priscilla Heise,FRA       
38.351791530944624,103565,91,Stephane Robert,FRA       
38.351791530944624,105678,45,Axel Michon,FRA       
38.351791530944624,103917,84,Nicolas Mahut,FRA       
38.351791530944624,210584,44,Fiona Codino,FRA       
38.351791530944624,214219,164,Tessah Andrianjafitrimo,FRA       
38.351791530944624,214220,159,Margot Yerolymos,FRA       
38.351791530944624,203558,118,Lou Brouleau,FRA       
38.351791530944624,203559,60,Clothilde De Bernardi,FRA       
38.351791530944624,220554,58,Alice Tubello,FRA       
38.351791530944624,214254,138,Alice Rame,FRA       
38.351791530944624,214299,59,Lucie Wargnier,FRA       
38.351791530944624,214319,136,Sara Cakarevic,FRA       
38.351791530944624,214317,84,Mallaurie Noel,FRA       
38.351791530944624,220348,65,Diane Parry,FRA       
38.351791530944624,214312,82,Sherazad Reix,FRA       
38.351791530944624,211552,149,Harmony Tan,FRA       
38.351791530944624,211539,147,Fiona Ferro,FRA       
38.351791530944624,206417,57,Leolia Jeanjean,FRA       
38.351791530944624,211537,52,Mathilde Armitano,FRA       
38.351791530944624,211484,61,Lou Adler,FRA       
38.351791530944624,104542,125,Jo-Wilfried Tsonga,FRA       
38.351791530944624,144895,131,Corentin Moutet,FRA       
38.351791530944624,206277,133,Marine Partaud,FRA       
38.351791530944624,104871,149,Jeremy Chardy,FRA       
38.351791530944624,104792,159,Gael Monfils,FRA       
38.351791530944624,206219,190,Oceane Dodin,FRA       
38.351791530944624,104672,84,Vincent Millot,FRA       
38.351791530944624,104755,149,Richard Gasquet,FRA       
38.351791530944624,104932,106,Kenny De Schepper,FRA       
38.351791530944624,213555,59,Theo Gravouil,FRA       
38.351791530944624,145001,42,Evan Furness,FRA       
38.351791530944624,213909,50,Clemence Fayol,FRA       
38.351791530944624,105332,158,Benoit Paire,FRA       
38.351791530944624,211021,50,Lea Tholey,FRA       
38.351791530944624,211019,114,Audrey Albie,FRA       
38.351791530944624,204366,100,Victoria Muntean,FRA       
38.351791530944624,200005,132,Ugo Humbert,FRA       
38.351791530944624,220512,42,Maelys Bougrat,FRA       
38.351791530944624,220305,65,Salma Djoubri,FRA       
38.351791530944624,205714,84,Julie Gervais,FRA       
38.351791530944624,104468,131,Gilles Simon,FRA       
38.351791530944624,211382,113,Caroline Romeo,FRA       
38.351791530944624,211316,146,Jessika Ponchet,FRA       
38.351791530944624,144972,57,Geoffrey Blancaneaux,FRA       
38.351791530944624,105173,170,Adrian Mannarino,FRA       
38.351791530944624,105163,75,Gleb Sakharov,FRA       
38.351791530944624,206166,100,Jade Suvrijn,FRA       
38.351791530944624,219979,49,Marie Villet,FRA       
38.351791530944624,215855,44,Irys Ekani,FRA       
38.351791530944624,220733,110,Carole Monnet,FRA       
38.351791530944624,124186,97,Alexandre Muller,FRA       
38.351791530944624,123921,80,Calvin Hemery,FRA       
38.351791530944624,201540,157,Kristina Mladenovic,FRA       
38.351791530944624,106298,140,Lucas Pouille,FRA       
38.351791530944624,106296,142,Gregoire Barrere,FRA       
38.351791530944624,106288,164,Mathias Bourgue,FRA       
38.351791530944624,202430,74,Alize Lim,FRA       
38.351791530944624,215588,55,Yasmine Mansouri,FRA       
38.351791530944624,111460,165,Quentin Halys,FRA       
38.351791530944624,215726,49,Tiphanie Fiquet,FRA       
38.351791530944624,111505,90,Enzo Couacaud,FRA       
38.351791530944624,215657,59,Kelia Le Bihan,FRA       
38.351791530944624,202621,73,Elixane Lechemia,FRA       
38.351791530944624,215776,43,Emmanuelle Girard,FRA       
38.351791530944624,201614,189,Caroline Garcia,FRA       
38.351791530944624,215806,77,Alice Robbe,FRA       
38.351791530944624,215802,56,Emeline Dartron,FRA       
38.351791530944624,215778,68,Emma Lene,FRA       
38.351791530944624,120775,73,Sadio Doumbia,FRA       
38.351791530944624,131905,47,Manuel Guinard,FRA       
38.351791530944624,106005,133,Constant Lestienne,FRA       
38.351791530944624,202707,112,Myrtille Georges,FRA       
38.351791530944624,202706,136,Manon Arcangioli,FRA       
38.351791530944624,126409,92,Hugo Grenier,FRA       
38.351791530944624,221052,40,Aubane Droguet,FRA       
38.351791530944624,126239,84,Arthur Rinderknech,FRA       
38.351791530944624,221157,46,Diana Martynov,FRA       
38.351791530944624,105938,56,Antoine Escoffier,FRA       
38.351791530944624,200384,44,Hugo Gaston,FRA       
38.351791530944624,105860,56,Tak Khunn Wang,FRA       
38.351791530944624,126156,119,Antoine Hoang,FRA       
38.351791530944624,203281,139,Amandine Hesse,FRA       
38.351791530944624,216262,63,Clara Burel,FRA       
38.351791530944624,200611,90,Elliot Benchetrit,FRA       
38.351791530944624,106137,159,Tristan Lamasine,FRA       
38.351791530944624,202703,50,Constance Sibille,FRA       
38.351791530944624,202640,90,Irina Ramialison,FRA       
38.351791530944624,221191,43,Margaux Rouvroy,FRA       
38.351791530944624,201427,144,Alize Cornet,FRA       
38.351791530944624,126127,114,Benjamin Bonzi,FRA       
38.351791530944624,201426,117,Pauline Parmentier,FRA       
38.351791530944624,126125,155,Maxime Janvier,FRA       
38.351791530944624,202656,122,Estelle Cascino,FRA       
6.5,220683,12,Celestine Avomo Ella,GAB       
26.867924528301888,211279,140,Harriet Dart,GBR       
26.867924528301888,211887,94,Maia Lumsden,GBR       
26.867924528301888,211432,85,Eden Silva,GBR       
26.867924528301888,216268,42,Alice Gillan,GBR       
26.867924528301888,111815,176,Cameron Norrie,GBR       
26.867924528301888,126106,27,Ryan Peniston,GBR       
26.867924528301888,216340,36,Eliz Maloney,GBR       
26.867924528301888,126652,83,Jay Clarke,GBR       
26.867924528301888,104918,139,Andy Murray,GBR       
26.867924528301888,215902,31,Aleksandra Pitak,GBR       
26.867924528301888,221054,57,Emma Raducanu,GBR       
26.867924528301888,201573,53,Laura Robson,GBR       
26.867924528301888,211031,65,Sarah Beth Askew,GBR       
26.867924528301888,201586,135,Heather Watson,GBR       
26.867924528301888,215962,39,Suzy Larkin,GBR       
26.867924528301888,215936,123,Francesca Jones,GBR       
26.867924528301888,206230,65,Alicia Barnett,GBR       
26.867924528301888,201648,99,Naomi Broady,GBR       
26.867924528301888,201399,69,Emily Webley Smith,GBR       
26.867924528301888,104868,70,James Ward,GBR       
26.867924528301888,211107,143,Katie Boulter,GBR       
26.867924528301888,211477,27,Tiffany William,GBR       
26.867924528301888,105554,178,Daniel Evans,GBR       
26.867924528301888,203591,106,Katy Dunne,GBR       
26.867924528301888,215042,118,Katie Swan,GBR       
26.867924528301888,220354,62,Emilie Lindh Gallagher,GBR       
26.867924528301888,215431,92,Emily Appleton,GBR       
26.867924528301888,202427,175,Johanna Konta,GBR       
26.867924528301888,202425,93,Samantha Murray,GBR       
26.867924528301888,106382,31,Luke Bambridge,GBR       
26.867924528301888,106266,63,Lloyd Glasspool,GBR       
26.867924528301888,105528,33,Alexander Ward,GBR       
26.867924528301888,202478,92,Tara Moore,GBR       
26.867924528301888,106378,149,Kyle Edmund,GBR       
26.867924528301888,214762,41,Mirabelle Njoze,GBR       
26.867924528301888,203465,131,Amanda Carreras,GBR       
26.867924528301888,212043,77,Freya Christie,GBR       
26.867924528301888,214839,125,Jodie Anna Burrage,GBR       
26.867924528301888,105100,48,Edward Corrie,GBR       
26.867924528301888,106281,160,Liam Broady,GBR       
26.867924528301888,213600,61,Emily Arbuthnott,GBR       
26.867924528301888,213602,108,Gabriella Taylor,GBR       
35.826086956521742,216181,44,Mariam Dalakishvili,GEO       
35.826086956521742,105932,163,Nikoloz Basilashvili,GEO       
35.826086956521742,202410,125,Sofia Shapatava,GEO       
35.826086956521742,202493,178,Ekaterine Gorgodze,GEO       
35.826086956521742,213734,155,Mariam Bolkvadze,GEO       
34.70564516129032,214270,85,Lisa Ponomar,GER       
34.70564516129032,221768,39,Nastasja Mariana Schunk,GER       
34.70564516129032,215459,60,Emily Seibold,GER       
34.70564516129032,210754,66,Vivian Heisen,GER       
34.70564516129032,213583,136,Tatjana Maria,GER       
34.70564516129032,214247,85,Lena Rueffer,GER       
34.70564516129032,211779,112,Yana Morderger,GER       
34.70564516129032,220266,37,Kathleen Kanev,GER       
34.70564516129032,213694,93,Lisa Matviyenko,GER       
34.70564516129032,221055,57,Sina Herrmann,GER       
34.70564516129032,214706,49,Dana Kremer,GER       
34.70564516129032,245127,117,Laura Schaeder,GER       
34.70564516129032,212044,133,Katharina Gerlach,GER       
34.70564516129032,214743,47,Lena Ruppert,GER       
34.70564516129032,222668,58,Anja Wildgruber,GER       
34.70564516129032,214810,131,Julyette Maria Josephine Steur,GER       
34.70564516129032,211344,97,Caroline Uebelhoer,GER       
34.70564516129032,211338,86,Katharina Hering,GER       
34.70564516129032,211337,154,Tamara Korpatsch,GER       
34.70564516129032,220492,35,Chantal Sauvant,GER       
34.70564516129032,216095,44,Mina Hodzic,GER       
34.70564516129032,214081,172,Katharina Hobgarski,GER       
34.70564516129032,222156,54,Silvia Ambrosio,GER       
34.70564516129032,216138,100,Romy Koelzer,GER       
34.70564516129032,215898,94,Jule Niemeier,GER       
34.70564516129032,221172,70,Jantje Tilbuerger,GER       
34.70564516129032,215002,60,Anna Gabric,GER       
34.70564516129032,211285,155,Tayisiya Morderger,GER       
34.70564516129032,220513,38,Antonia Schmidt,GER       
34.70564516129032,100644,267,Alexander Zverev,GER       
34.70564516129032,122351,52,Johannes Haerteis,GER       
34.70564516129032,105109,36,Marc Sieber,GER       
34.70564516129032,106214,167,Oscar Otte,GER       
34.70564516129032,201504,156,Julia Goerges,GER       
34.70564516129032,105091,54,Peter Torebko,GER       
34.70564516129032,133975,56,Benjamin Hassan,GER       
34.70564516129032,104259,136,Philipp Kohlschreiber,GER       
34.70564516129032,105870,151,Yannick Hanfmann,GER       
34.70564516129032,110751,54,Sebastian Fanselow,GER       
34.70564516129032,105047,43,Tim Puetz,GER       
34.70564516129032,105778,49,Tobias Simon,GER       
34.70564516129032,105649,112,Cedrik Marcel Stebe,GER       
34.70564516129032,201621,102,Mona Barthel,GER       
34.70564516129032,202489,75,Carina Witthoeft,GER       
34.70564516129032,105514,68,Jeremy Jahn,GER       
34.70564516129032,121531,108,Mats Moraing,GER       
34.70564516129032,202470,36,Annika Beck,GER       
34.70564516129032,206030,105,Julia Wachaczyk,GER       
34.70564516129032,120424,148,Yannick Maden,GER       
34.70564516129032,105376,148,Peter Gojowczyk,GER       
34.70564516129032,104999,124,Mischa Zverev,GER       
34.70564516129032,103794,43,Benjamin Becker,GER       
34.70564516129032,201513,45,Sabine Lisicki,GER       
34.70564516129032,200484,50,Rudolf Molleker,GER       
34.70564516129032,105526,189,Jan Lennard Struff,GER       
34.70564516129032,104460,117,Dustin Brown,GER       
34.70564516129032,206211,40,Anna Klasen,GER       
34.70564516129032,205723,132,Anna Zaja,GER       
34.70564516129032,104978,83,Daniel Brands,GER       
34.70564516129032,104252,56,Florian Mayer,GER       
34.70564516129032,206032,37,Lisa Marie Maetschke,GER       
34.70564516129032,204309,78,Stephanie Wagner,GER       
34.70564516129032,201696,142,Laura Siegemund,GER       
34.70564516129032,104735,154,Tobias Kamke,GER       
34.70564516129032,105906,101,Kevin Krawietz,GER       
34.70564516129032,204430,104,Antonia Lottner,GER       
34.70564516129032,136440,142,Dominik Koepfer,GER       
34.70564516129032,203449,107,Sarah Rebecca Sekulic,GER       
34.70564516129032,202858,56,Anne Schaefer,GER       
34.70564516129032,109739,160,Maximilian Marterer,GER       
34.70564516129032,104897,144,Matthias Bachinger,GER       
34.70564516129032,201493,197,Angelique Kerber,GER       
34.70564516129032,203485,53,Julia Kimmelmann,GER       
34.70564516129032,109699,55,Julian Lenz,GER       
34.70564516129032,127157,96,Daniel Altmaier,GER       
34.70564516129032,109054,134,Daniel Masur,GER       
34.70564516129032,204431,85,Anna Lena Friedsam,GER       
34.70564516129032,123828,58,Jan Choinski,GER       
33.837837837837839,204394,187,Valentini Grammatikopoulou,GRE       
33.837837837837839,202604,207,Despina Papamichail,GRE       
33.837837837837839,206289,179,Maria Sakkari,GRE       
33.837837837837839,220364,128,Sapfo Sakellaridi,GRE       
33.837837837837839,202551,126,Eleni Kordolaimi,GRE       
33.837837837837839,126774,254,Stefanos Tsitsipas,GRE       
17.222222222222221,208531,81,Kirsten Andrea Weedon,GUA       
17.222222222222221,205462,40,Melisa Morales,GUA       
13,221198,25,Anne Sophie Morandais,GUD       
22.416666666666668,214229,23,Man Ying Maggie Ng,HKG       
22.416666666666668,211269,66,Eudice Wong Chong,HKG       
22.416666666666668,212026,24,Kwan Yau Ng,HKG       
22.416666666666668,211208,50,Ho Ching Wu,HKG       
22.416666666666668,201667,83,Ling Zhang,HKG       
3.5,215165,4,Daniela Obando,HON       
41.930232558139537,213646,155,Dalma Galfi,HUN       
41.930232558139537,200436,47,Zsombor Piros,HUN       
41.930232558139537,105226,81,Attila Balazs,HUN       
41.930232558139537,214541,98,Fanny Stollar,HUN       
41.930232558139537,211464,46,Naomi Totka,HUN       
41.930232558139537,202435,136,Vanda Lukacs,HUN       
41.930232558139537,245115,155,Reka Luca Jani,HUN       
41.930232558139537,215910,125,Panna Udvardy,HUN       
41.930232558139537,214388,167,Anna Bondar,HUN       
41.930232558139537,220701,52,Dorka Drahota Szabo,HUN       
41.930232558139537,204384,93,Agnes Bukta,HUN       
41.930232558139537,201693,127,Timea Babos,HUN       
41.930232558139537,105916,197,Marton Fucsovics,HUN       
10.952380952380953,202645,18,Jessy Rompies,INA       
10.952380952380953,202365,12,Lavinia Tananta,INA       
10.952380952380953,210738,93,Aldila Sutjiadi,INA       
10.952380952380953,211234,11,Deria Nur Haliza,INA       
10.952380952380953,205344,34,Beatrice Gumulya,INA       
10.952380952380953,105464,12,Christopher Rungkat,INA       
10.952380952380953,221189,11,Fitriani Sabatini,INA       
17.126865671641792,206102,165,Ankita Raina,IND       
17.126865671641792,105502,28,N Sriram Balaji,IND       
17.126865671641792,212008,36,Dhruthi Tatachar Venugopal,IND       
17.126865671641792,214418,19,Vaidehi Chaudhari,IND       
17.126865671641792,220841,20,Humera Begum Shaik,IND       
17.126865671641792,206298,26,Nidhi Chilumula,IND       
17.126865671641792,220843,21,Sathwika Sama,IND       
17.126865671641792,215755,38,Mahak Jain,IND       
17.126865671641792,206105,86,Rutuja Bhosale,IND       
17.126865671641792,211668,105,Riya Bhatia,IND       
17.126865671641792,106168,45,Sidharth Rawat,IND       
17.126865671641792,210888,33,Kanika Vaidya,IND       
17.126865671641792,111576,113,Sumit Nagal,IND       
17.126865671641792,104986,21,Vishnu Vardhan,IND       
17.126865671641792,211080,37,Sai Samhitha Chamarthi,IND       
17.126865671641792,214787,29,Jennifer Luikham,IND       
17.126865671641792,105031,73,Saketh Myneni,IND       
17.126865671641792,211049,24,Sri Vaishnavi Peddi Reddy,IND       
17.126865671641792,211033,23,Natasha Palha,IND       
17.126865671641792,213944,73,Pranjala Yadlapalli,IND       
17.126865671641792,202676,38,Prerna Bhambri,IND       
17.126865671641792,106368,152,Ramkumar Ramanathan,IND       
17.126865671641792,210370,51,Sowjanya Bavisetti,IND       
17.126865671641792,104822,25,N Vijay Sundar Prashanth,IND       
17.126865671641792,111459,21,Arjun Kadhe,IND       
17.126865671641792,205492,26,Ashmitha Easwaramurthi,IND       
17.126865671641792,215163,87,Zeel Desai,IND       
17.126865671641792,211437,28,Bhuvana Kalva,IND       
17.126865671641792,214225,44,Snehadevi S Reddy,IND       
17.126865671641792,214983,23,Mihika Yadav,IND       
17.126865671641792,124154,69,Sasi Kumar Mukund,IND       
17.126865671641792,221275,18,Sravya Shivani Chilakalapudi,IND       
17.126865671641792,216238,27,Ramya Natarajan,IND       
17.126865671641792,214694,118,Karman Thandi,IND       
17.126865671641792,106026,81,Yuki Bhambri,IND       
17.126865671641792,202384,21,Kyra Shroff,IND       
17.126865671641792,105432,136,Prajnesh Gunneswaran,IND       
1.3333333333333333,222309,2,Sana Garakani,IRI       
1.3333333333333333,214621,2,Sadaf Sadeghvaziri,IRI       
8.4347826086956523,212045,40,Sinead Lohan,IRL       
8.4347826086956523,220574,21,Georgia Drummy,IRL       
8.4347826086956523,215066,9,Jenny Claffey,IRL       
8.4347826086956523,105909,22,Sam Barry,IRL       
8.4347826086956523,215866,9,Jennifer Timotin,IRL       
8.4347826086956523,104945,53,James Mcgee,IRL       
16.104477611940297,215196,44,Nicole Nadel,ISR       
16.104477611940297,202498,110,Julia Glushko,ISR       
16.104477611940297,220174,48,Shavit Kimchi,ISR       
16.104477611940297,215260,37,Shelly Bereznyak,ISR       
16.104477611940297,215151,81,Lina Glushko,ISR       
16.104477611940297,104804,24,Amir Weintraub,ISR       
16.104477611940297,221383,17,Darya Shvartsmann,ISR       
16.104477611940297,215627,49,Nicole Khirin,ISR       
16.104477611940297,215152,35,Tamara Barad Itzhaki,ISR       
16.104477611940297,122548,53,Edan Leshem,ISR       
16.104477611940297,221077,22,Mika Dagan Fruchtman,ISR       
16.104477611940297,104534,117,Dudi Sela,ISR       
16.104477611940297,214463,17,Yuval Keren,ISR       
16.104477611940297,214479,22,Yarden Akler,ISR       
16.104477611940297,214465,44,Maya Tahan,ISR       
16.104477611940297,206136,109,Deniz Khazaniuk,ISR       
16.104477611940297,214987,30,Shahar Biran,ISR       
31.580645161290324,202579,175,Giulia Gatto Monticone,ITA       
31.580645161290324,105561,166,Alessandro Giannessi,ITA       
31.580645161290324,104563,116,Luca Vanni,ITA       
31.580645161290324,202662,135,Camilla Rosatello,ITA       
31.580645161290324,104926,166,Fabio Fognini,ITA       
31.580645161290324,214152,77,Federica Prati,ITA       
31.580645161290324,214919,122,Dalila Spiteri,ITA       
31.580645161290324,202606,106,Claudia Giovine,ITA       
31.580645161290324,215093,44,Chiara Catini,ITA       
31.580645161290324,202580,132,Federica Di Sarra,ITA       
31.580645161290324,203354,139,Martina Trevisan,ITA       
31.580645161290324,104620,75,Simone Bolelli,ITA       
31.580645161290324,214301,84,Tatiana Pieri,ITA       
31.580645161290324,201557,69,Corinna Dentoni,ITA       
31.580645161290324,201311,46,Roberta Vinci,ITA       
31.580645161290324,105341,151,Thomas Fabbiano,ITA       
31.580645161290324,201212,41,Francesca Schiavone,ITA       
31.580645161290324,214426,60,Giulia Crescenzi,ITA       
31.580645161290324,216051,81,Angelica Raggi,ITA       
31.580645161290324,214459,151,Lucia Bronzetti,ITA       
31.580645161290324,201506,135,Sara Errani,ITA       
31.580645161290324,105406,130,Roberto Marcora,ITA       
31.580645161290324,203507,76,Giorgia Marchetti,ITA       
31.580645161290324,203325,134,Martina Di Giuseppe,ITA       
31.580645161290324,214746,92,Federica Bilardo,ITA       
31.580645161290324,105063,139,Andrea Arnaboldi,ITA       
31.580645161290324,202487,56,Nastassja Burnett,ITA       
31.580645161290324,104970,94,Matteo Viola,ITA       
31.580645161290324,215301,40,Irene Lavino,ITA       
31.580645161290324,215878,69,Aurora Zantedeschi,ITA       
31.580645161290324,214654,85,Anna Turati,ITA       
31.580645161290324,214593,149,Lucrezia Stefanini,ITA       
31.580645161290324,215572,97,Nuria Brancaccio,ITA       
31.580645161290324,201699,96,Martina Caregaro,ITA       
31.580645161290324,214238,86,Verena Meliss,ITA       
31.580645161290324,209506,32,Francesco Forti,ITA       
31.580645161290324,206302,105,Gaia Sanesi,ITA       
31.580645161290324,211820,128,Martina Colmegna,ITA       
31.580645161290324,245116,145,Anastasia Grymalska,ITA       
31.580645161290324,126237,95,Gian Marco Moroni,ITA       
31.580645161290324,105882,157,Stefano Travaglia,ITA       
31.580645161290324,221097,33,Anastasia Piangerelli,ITA       
31.580645161290324,206338,112,Stefania Rubini,ITA       
31.580645161290324,126149,173,Gianluca Mager,ITA       
31.580645161290324,211216,126,Cristiana Ferrando,ITA       
31.580645161290324,220828,38,Melania Delai,ITA       
31.580645161290324,210657,115,Federica Arcidiacono,ITA       
31.580645161290324,106248,41,Edoardo Eremin,ITA       
31.580645161290324,126504,87,Andrea Pellegrino,ITA       
31.580645161290324,105841,126,Lorenzo Giustino,ITA       
31.580645161290324,211885,51,Alice Matteucci,ITA       
31.580645161290324,126610,178,Matteo Berrettini,ITA       
31.580645161290324,105943,178,Federico Gaio,ITA       
31.580645161290324,106065,184,Marco Cecchinato,ITA       
31.580645161290324,211328,128,Deborah Chiesa,ITA       
31.580645161290324,211333,89,Georgia Brescia,ITA       
31.580645161290324,103893,162,Paolo Lorenzi,ITA       
31.580645161290324,207518,76,Lorenzo Musetti,ITA       
31.580645161290324,211148,163,Jasmine Paolini,ITA       
31.580645161290324,210847,58,Miriana Tona,ITA       
31.580645161290324,245111,141,Camila Giorgi,ITA       
31.580645161290324,245113,67,Anna Giulia Remondina,ITA       
31.580645161290324,206400,92,Martina Spigarelli,ITA       
31.580645161290324,206748,47,Giulio Zeppieri,ITA       
31.580645161290324,221354,53,Lisa Pigato,ITA       
31.580645161290324,106099,166,Salvatore Caruso,ITA       
31.580645161290324,111795,74,Filippo Baldi,ITA       
31.580645161290324,213822,62,Verena Hofer,ITA       
31.580645161290324,134840,43,Raul Brancaccio,ITA       
31.580645161290324,213690,106,Camilla Scala,ITA       
31.580645161290324,220413,33,Sara Gambogi,ITA       
31.580645161290324,213849,75,Nicole Fossa Huergo,ITA       
31.580645161290324,106390,81,Matteo Donati,ITA       
31.580645161290324,205123,40,Alice Balducci,ITA       
31.580645161290324,213926,109,Bianca Turati,ITA       
31.580645161290324,105634,128,Viktor Galovic,ITA       
31.580645161290324,104312,139,Andreas Seppi,ITA       
31.580645161290324,131934,67,Andrea Vavassori,ITA       
31.580645161290324,245133,95,Jannik Sinner,ITA       
31.580645161290324,132283,178,Lorenzo Sonego,ITA       
31.580645161290324,109686,80,Riccardo Bonadio,ITA       
31.580645161290324,220714,88,Elisabetta Cocciaretto,ITA       
31.580645161290324,206027,156,Angelica Moratelli,ITA       
31.580645161290324,105692,56,Alessandro Bega,ITA       
31.580645161290324,109303,128,Stefano Napolitano,ITA       
31.580645161290324,220496,41,Enola Chiesa,ITA       
31.580645161290324,106420,85,Gianluigi Quinzi,ITA       
31.580645161290324,213620,130,Jessica Pieri,ITA       
31.580645161290324,220715,54,Federica Rossi,ITA       
31.580645161290324,109640,32,Andrea Basso,ITA       
34.838095238095235,202639,102,Akiko Omae,JPN       
34.838095238095235,106415,167,Yoshihito Nishioka,JPN       
34.838095238095235,221773,44,Honoka Kobayashi,JPN       
34.838095238095235,106121,183,Taro Daniel,JPN       
34.838095238095235,111187,72,Kaichi Uchida,JPN       
34.838095238095235,221099,48,Rina Saigo,JPN       
34.838095238095235,202454,117,Erika Sema,JPN       
34.838095238095235,220545,43,Sakura Hondo,JPN       
34.838095238095235,133297,87,Yosuke Watanuki,JPN       
34.838095238095235,216160,102,Ayumi Koshiishi,JPN       
34.838095238095235,216158,42,Mana Kawamura,JPN       
34.838095238095235,105453,191,Kei Nishikori,JPN       
34.838095238095235,220718,78,Sakura Hosogi,JPN       
34.838095238095235,105810,73,Shuichi Sekiguchi,JPN       
34.838095238095235,216044,78,Yuki Naito,JPN       
34.838095238095235,105655,124,Hiroki Moriya,JPN       
34.838095238095235,219892,42,Mayuka Aikawa,JPN       
34.838095238095235,216324,55,Misaki Matsuda,JPN       
34.838095238095235,216260,37,Funa Kozaki,JPN       
34.838095238095235,216320,38,Ange Oby Kajuru,JPN       
34.838095238095235,220997,36,Naho Sato,JPN       
34.838095238095235,215988,96,Mai Hontama,JPN       
34.838095238095235,215614,60,Mei Yamaguchi,JPN       
34.838095238095235,215592,39,Eri Shimizu,JPN       
34.838095238095235,215550,133,Ayano Shimizu,JPN       
34.838095238095235,202422,38,Shuko Aoyama,JPN       
34.838095238095235,215468,94,Momoko Kobori,JPN       
34.838095238095235,215489,66,Ramu Ueda,JPN       
34.838095238095235,105147,143,Tatsuma Ito,JPN       
34.838095238095235,106034,137,Yasutaka Uchiyama,JPN       
34.838095238095235,201595,137,Misaki Doi,JPN       
34.838095238095235,201597,144,Kurumi Nara,JPN       
34.838095238095235,215833,53,Erina Hayashi,JPN       
34.838095238095235,201612,108,Junri Namigata,JPN       
34.838095238095235,221124,72,Himeno Sakatsume,JPN       
34.838095238095235,105216,158,Yuichi Sugita,JPN       
34.838095238095235,126208,43,Yusuke Takahashi,JPN       
34.838095238095235,220416,55,Moyuka Uchijima,JPN       
34.838095238095235,211390,86,Mari Osaka,JPN       
34.838095238095235,206402,40,Kanako Morisaki,JPN       
34.838095238095235,211544,75,Nagi Hanatani,JPN       
34.838095238095235,211351,68,Ayaka Okuno,JPN       
34.838095238095235,203553,77,Riko Sawayanagi,JPN       
34.838095238095235,203555,87,Mai Minokoshi,JPN       
34.838095238095235,211702,144,Nao Hibino,JPN       
34.838095238095235,203556,66,Yuuki Tanaka,JPN       
34.838095238095235,202908,79,Miyabi Inoue,JPN       
34.838095238095235,202921,97,Shiho Akita,JPN       
34.838095238095235,203557,72,Mana Ayukawa,JPN       
34.838095238095235,206349,150,Mayo Hibi,JPN       
34.838095238095235,206077,128,Miharu Imanishi,JPN       
34.838095238095235,206075,118,Hiroko Kuwata,JPN       
34.838095238095235,213572,70,Risa Ushijima,JPN       
34.838095238095235,104771,57,Yuuya Kibi,JPN       
34.838095238095235,213661,48,Yukina Saigo,JPN       
34.838095238095235,205815,121,Eri Hozumi,JPN       
34.838095238095235,214805,62,Satsuki Takamura,JPN       
34.838095238095235,211768,179,Naomi Osaka,JPN       
34.838095238095235,211844,100,Haruka Kaji,JPN       
34.838095238095235,211846,111,Kyoka Okamura,JPN       
34.838095238095235,213908,102,Yuriko Miyazaki,JPN       
34.838095238095235,213802,52,Aiko Yoshitomi,JPN       
34.838095238095235,104424,160,Go Soeda,JPN       
34.838095238095235,203504,87,Miyu Kato,JPN       
34.838095238095235,210537,73,Michika Ozeki,JPN       
34.838095238095235,202685,41,Misa Eguchi,JPN       
34.838095238095235,203552,105,Risa Ozaki,JPN       
34.838095238095235,214505,80,Haruna Arakawa,JPN       
34.838095238095235,214540,113,Chihiro Muramatsu,JPN       
31.237288135593221,201709,154,Yulia Putintseva,KAZ       
31.237288135593221,201610,149,Zarina Diyas,KAZ       
31.237288135593221,245137,63,Anna Danilina,KAZ       
31.237288135593221,104873,112,Aleksandr Nedovyesov,KAZ       
31.237288135593221,213793,134,Gozal Ainitdinova,KAZ       
31.237288135593221,214992,105,Zhibek Kulambayeva,KAZ       
31.237288135593221,105062,149,Mikhail Kukushkin,KAZ       
31.237288135593221,206162,83,Kamila Kerimbayeva,KAZ       
31.237288135593221,214981,170,Elena Rybakina,KAZ       
31.237288135593221,201402,81,Sesil Karatantcheva,KAZ       
31.237288135593221,122078,126,Dmitry Popko,KAZ       
31.237288135593221,106187,48,Denis Yevseyev,KAZ       
31.237288135593221,216243,51,Yekaterina Dmitrichenko,KAZ       
31.237288135593221,122330,186,Alexander Bublik,KAZ       
1.3999999999999999,222453,2,Judith Muraa,KEN       
1.3999999999999999,222454,2,Angella Okutoyi,KEN       
13.333333333333334,201652,71,Ksenia Palkina,KGZ       
19.541666666666668,202386,30,Sung Hee Han,KOR       
19.541666666666668,105507,35,Cheong Eui Kim,KOR       
19.541666666666668,126952,157,Soon Woo Kwon,KOR       
19.541666666666668,220454,33,Yeon Woo Ku,KOR       
19.541666666666668,216213,79,Sohyun Park,KOR       
19.541666666666668,220432,21,Dayeon Back,KOR       
19.541666666666668,213775,23,Yu Jin Ahn,KOR       
19.541666666666668,213773,25,Yeong Won Jeong,KOR       
19.541666666666668,214679,79,Sunam Jeong,KOR       
19.541666666666668,205789,56,Na Ri Kim,KOR       
19.541666666666668,215501,46,Eunhye Lee,KOR       
19.541666666666668,106227,36,Ji Sung Nam,KOR       
19.541666666666668,206396,28,Da Hye Kim,KOR       
19.541666666666668,204288,70,Ji Hee Choi,KOR       
19.541666666666668,202502,74,So Ra Lee,KOR       
19.541666666666668,204292,21,Hyojung Yea,KOR       
19.541666666666668,204291,155,Na Lae Han,KOR       
19.541666666666668,204294,154,Su Jeong Jang,KOR       
19.541666666666668,213948,74,Dabin Kim,KOR       
19.541666666666668,117353,113,Duck Hee Lee,KOR       
19.541666666666668,126283,82,Yunseong Chung,KOR       
19.541666666666668,111202,110,Hyeon Chung,KOR       
19.541666666666668,204286,37,Seung Yeon Hong,KOR       
19.541666666666668,214607,25,Sang Hee Park,KOR       
36.307692307692307,105208,96,Ernests Gulbis,LAT       
36.307692307692307,203509,153,Diana Marcinkevica,LAT       
36.307692307692307,201545,173,Anastasija Sevastova,LAT       
36.307692307692307,215144,98,Daniela Vismane,LAT       
36.307692307692307,221886,50,Kamilla Bartone,LAT       
36.307692307692307,211533,157,Jelena Ostapenko,LAT       
4.666666666666667,200273,5,Hady Habib,LBN       
4.666666666666667,216195,8,Yasmeen Ghaoui,LBN       
76.333333333333329,210303,184,Kathinka Von Deichmann,LIE       
27.3125,210158,36,Iveta Dapkute,LTU       
27.3125,212303,84,Justina Mikulskyte,LTU       
27.3125,105575,162,Ricardas Berankis,LTU       
27.3125,105827,65,Laurynas Grigelis,LTU       
56.833333333333336,201605,129,Mandy Minella,LUX       
56.833333333333336,215016,130,Eleonora Molinaro,LUX       
56.833333333333336,104180,78,Gilles Muller,LUX       
4.9473684210526319,105149,9,Reda El Amrani,MAR       
4.9473684210526319,223671,21,Aya El Aouni,MAR       
4.9473684210526319,206354,13,Lina Qostal,MAR       
4.9473684210526319,213634,20,Rita Atik,MAR       
4.9473684210526319,220785,6,Sara Akid,MAR       
5,235155,8,Elsa Wan,MAS       
5,204362,9,Theiviya Selvarajoo,MAS       
5,204304,15,Jawairiah Noordin,MAS       
50.117647058823529,213710,141,Cristina Bucsa,MDA       
50.117647058823529,210786,89,Anastasia Vdovenco,MDA       
50.117647058823529,210958,113,Alexandra Perper,MDA       
50.117647058823529,211901,98,Aliona Bolsova,MDA       
50.117647058823529,214624,120,Anastasia Detiuc,MDA       
50.117647058823529,215862,51,Vitalia Stamat,MDA       
50.117647058823529,105430,175,Radu Albot,MDA       
16.590163934426229,210568,48,Andrea Renee Villarreal,MEX       
16.590163934426229,106412,25,Lucas Gomez,MEX       
16.590163934426229,105688,25,Manuel Sanchez,MEX       
16.590163934426229,211874,113,Victoria Rodriguez,MEX       
16.590163934426229,204419,152,Ana Sofia Sanchez,MEX       
16.590163934426229,204420,107,Marcela Zacarias,MEX       
16.590163934426229,213887,174,Renata Zarazua,MEX       
16.590163934426229,205892,76,Giuliana Olmos,MEX       
16.590163934426229,214800,28,Sabastiani Leon,MEX       
16.590163934426229,215019,59,Maria Jose Portillo Ramirez,MEX       
16.590163934426229,214782,57,Fernanda Contreras Gomez,MEX       
58.666666666666664,211227,143,Lina Gjorcheska,MKD       
33.666666666666664,220532,47,Helene Pellicano,MLT       
39.600000000000001,203575,144,Danka Kovinic,MNE       
19.25,105714,55,Hugo Nys,MON       
2,216366,3,Amelie Boy,MRI       
29.886792452830189,216170,50,Noa Liauw A Fong,NED       
29.886792452830189,221994,33,Demi Tran,NED       
29.886792452830189,202874,48,Chayenne Ewijk,NED       
29.886792452830189,204377,88,Indy De Vroome,NED       
29.886792452830189,105217,45,Thiemo De Bakker,NED       
29.886792452830189,204246,172,Lesley Kerkhove,NED       
29.886792452830189,220491,68,Merel Hoedt,NED       
29.886792452830189,202480,151,Richel Hogenkamp,NED       
29.886792452830189,122298,82,Botic van de Zandschulp,NED       
29.886792452830189,202457,129,Bibiane Schoofs,NED       
29.886792452830189,126646,60,Tim Van Rijthoven,NED       
29.886792452830189,206183,129,Cindy Burger,NED       
29.886792452830189,125847,53,Jelle Sels,NED       
29.886792452830189,104997,59,Igor Sijsling,NED       
29.886792452830189,215349,37,Nina Kruijer,NED       
29.886792452830189,104898,136,Robin Haase,NED       
29.886792452830189,220560,43,Lian Tran,NED       
29.886792452830189,105691,36,Scott Griekspoor,NED       
29.886792452830189,215480,127,Suzan Lamens,NED       
29.886792452830189,134868,110,Tallon Griekspoor,NED       
29.886792452830189,220770,90,Eva Vedder,NED       
29.886792452830189,206045,118,Quirine Lemoine,NED       
29.886792452830189,245110,201,Kiki Bertens,NED       
29.886792452830189,220613,74,Stephanie Judith Visscher,NED       
29.886792452830189,220732,71,Lexie Stevens,NED       
29.886792452830189,215031,48,Dominique Karregat,NED       
29.886792452830189,215996,97,Arianne Hartono,NED       
29.886792452830189,201551,249,Arantxa Rus,NED       
2.5454545454545454,205356,4,Blessing Samuel,NGR       
2.5454545454545454,220736,10,Barakat Oyinlomo Quadre,NGR       
2.5454545454545454,215761,3,Aanu Ayegbusi,NGR       
2.5454545454545454,245136,3,Sarah Adegoke,NGR       
32.086956521739133,126340,58,Viktor Durasovic,NOR       
32.086956521739133,215684,33,Lilly Elida Haseth,NOR       
32.086956521739133,214935,105,Malene Helgo,NOR       
32.086956521739133,213628,133,Melanie Stokke,NOR       
32.086956521739133,214934,42,Astrid Wanja Brune Olsen,NOR       
32.086956521739133,205918,149,Ulrikke Eikeri,NOR       
32.086956521739133,134770,189,Casper Ruud,NOR       
16.9375,212805,73,Paige Mary Hourigan,NZL       
16.9375,204356,33,Emily Fanning,NZL       
16.9375,104907,55,Jose Rubin Statham,NZL       
16.9375,201523,46,Marina Erakovic,NZL       
3.1428571428571428,103529,4,Aisam Ul Haq Qureshi,PAK       
3.1428571428571428,210173,6,Ushna Suhail,PAK       
3.1428571428571428,103499,6,Aqeel Khan,PAK       
1.3333333333333333,212260,2,Rosaline Zafir Chavez Tello,PAN       
24.882352941176471,206329,96,Montserrat Gonzalez,PAR       
24.882352941176471,206332,84,Camila Giangreco Campiz,PAR       
24.882352941176471,202705,147,Veronica Cepede Royg,PAR       
24.882352941176471,216150,49,Lara Escauriza,PAR       
9.1481481481481488,215375,38,Dominique Schaefer,PER       
9.1481481481481488,222305,11,Romina Ccuno,PER       
9.1481481481481488,122669,99,Juan Pablo Varillas,PER       
9.1481481481481488,126190,29,Nicolas Alvarez,PER       
9.1481481481481488,105273,16,Mauricio Echazu,PER       
4.2222222222222223,210951,7,Marian Jade Capadocia,PHI       
4.2222222222222223,104604,12,Ruben Gonzales,PHI       
4.2222222222222223,215857,5,Khim Iglupas,PHI       
26.134146341463413,211684,192,Magdalena Frech,POL       
26.134146341463413,216081,79,Maja Chwalinska,POL       
26.134146341463413,210870,62,Natalia Siedliska,POL       
26.134146341463413,128034,189,Hubert Hurkacz,POL       
26.134146341463413,221243,39,Martyna Kubka,POL       
26.134146341463413,216579,74,Weronika Falkowska,POL       
26.134146341463413,202483,27,Sandra Zaniewska,POL       
26.134146341463413,203518,46,Paula Kania,POL       
26.134146341463413,105668,49,Jerzy Janowicz,POL       
26.134146341463413,201474,93,Agnieszka Radwanska,POL       
26.134146341463413,215110,41,Joanna Zawadzka,POL       
26.134146341463413,205056,59,Marta Lesniak,POL       
26.134146341463413,104308,47,Michal Przysiezny,POL       
26.134146341463413,201524,88,Urszula Radwanska,POL       
26.134146341463413,202663,155,Magda Linette,POL       
26.134146341463413,111794,158,Kamil Majchrzak,POL       
26.134146341463413,215971,31,Ania Hertel,POL       
26.134146341463413,200390,43,Kacper Zuk,POL       
26.134146341463413,203514,109,Katarzyna Kawa,POL       
26.134146341463413,201565,102,Katarzyna Piter,POL       
26.134146341463413,216347,131,Iga Swiatek,POL       
22.388888888888889,201646,47,Maria Joao Koehler,POR       
22.388888888888889,105671,148,Gastao Elias,POR       
22.388888888888889,216055,102,Francisca Jorge,POR       
22.388888888888889,105311,127,Joao Sousa,POR       
22.388888888888889,106249,91,Joao Domingues,POR       
22.388888888888889,220361,30,Maria Ines Fonte,POR       
22.388888888888889,105155,171,Pedro Sousa,POR       
22.388888888888889,201547,42,Michelle Larcher De Brito,POR       
22.388888888888889,106393,100,Frederico Ferreira Silva,POR       
22.388888888888889,215735,23,Sara Lanca,POR       
22.388888888888889,123819,84,Goncalo Oliveira,POR       
22.388888888888889,213721,94,Ines Murta,POR       
23.833333333333332,201620,134,Monica Puig,PUR       
40.014492753623188,210776,57,Gabriela Duca,ROU       
40.014492753623188,213779,153,Raluca Georgiana Serban,ROU       
40.014492753623188,206427,58,Daiana Negreanu,ROU       
40.014492753623188,214691,149,Ylona Georgiana Ghioroaie,ROU       
40.014492753623188,202671,59,Cristina Andreea Mitu,ROU       
40.014492753623188,202596,140,Mihaela Buzarnescu,ROU       
40.014492753623188,105657,149,Marius Copil,ROU       
40.014492753623188,220494,91,Arina Gabriela Vasilescu,ROU       
40.014492753623188,214480,130,Miriam Bianca Bulgaru,ROU       
40.014492753623188,211099,103,Nicoleta Catalina Dascalu,ROU       
40.014492753623188,211098,107,Cristina Ene,ROU       
40.014492753623188,211342,108,Gabriela Talaba,ROU       
40.014492753623188,221542,48,Simona Ogescu,ROU       
40.014492753623188,202456,134,Alexandra Cadantu,ROU       
40.014492753623188,214860,83,Karola Patricia Bejenaru,ROU       
40.014492753623188,211817,169,Elena Gabriela Ruse,ROU       
40.014492753623188,206255,107,Patricia Maria Tig,ROU       
40.014492753623188,201567,80,Alexandra Dulgheru,ROU       
40.014492753623188,211898,54,Andreea Ghitescu,ROU       
40.014492753623188,211713,174,Jaqueline Adina Cristian,ROU       
40.014492753623188,201593,137,Irina Camelia Begu,ROU       
40.014492753623188,201594,217,Simona Halep,ROU       
40.014492753623188,203095,87,Ioana Gaspar,ROU       
40.014492753623188,202536,146,Ana Bogdan,ROU       
40.014492753623188,213584,144,Irina Fetecau,ROU       
40.014492753623188,202578,140,Laura Ioana Andrei,ROU       
40.014492753623188,211654,68,Ana Bianca Mihaila,ROU       
40.014492753623188,211646,177,Oana Georgeta Simion,ROU       
40.014492753623188,214821,50,Ioana Diana Pietroiu,ROU       
40.014492753623188,214599,108,Oana Gavrila,ROU       
40.014492753623188,214600,138,Georgia Andreea Craciun,ROU       
40.014492753623188,210645,122,Elena Teodora Cadar,ROU       
40.014492753623188,210658,62,Michele Alexandra Zmau,ROU       
40.014492753623188,210705,175,Irina Maria Bara,ROU       
40.014492753623188,214653,97,Andreea Prisacariu,ROU       
40.014492753623188,202669,165,Cristina Dinu,ROU       
40.014492753623188,201514,150,Sorana Cirstea,ROU       
40.014492753623188,203588,52,Cristina Adamescu,ROU       
40.014492753623188,214598,51,Gabriela Nicole Tatarus,ROU       
40.014492753623188,203586,143,Ioana Loredana Rosca,ROU       
40.014492753623188,201512,117,Monica Niculescu,ROU       
40.014492753623188,213780,170,Andreea Amalia Rosca,ROU       
14.911111111111111,214503,18,Warona Mdlulwa,RSA       
14.911111111111111,221996,28,Isabella Kruger,RSA       
14.911111111111111,202581,140,Chanel Simmonds,RSA       
14.911111111111111,105434,47,Ruan Roelofse,RSA       
14.911111111111111,104731,136,Kevin Anderson,RSA       
14.911111111111111,144750,160,Lloyd Harris,RSA       
14.911111111111111,216373,34,Zoe Kruger,RSA       
34.628099173553721,201671,59,Ksenia Lykina,RUS       
34.628099173553721,214863,99,Sofya Zhuk,RUS       
34.628099173553721,215372,55,Ksenia Laskutova,RUS       
34.628099173553721,201485,38,Alla Kudryavtseva,RUS       
34.628099173553721,211266,36,Yulia Kulikova,RUS       
34.628099173553721,221406,46,Alina Charaeva,RUS       
34.628099173553721,221407,64,Oksana Selekhmeteva,RUS       
34.628099173553721,202701,138,Irina Khromacheva,RUS       
34.628099173553721,203236,53,Angelina Gabueva,RUS       
34.628099173553721,221073,80,Anastasia Tikhonova,RUS       
34.628099173553721,214962,66,Anna Pribylova,RUS       
34.628099173553721,214504,36,Valeriya Urzhumova,RUS       
34.628099173553721,211856,128,Anastasiya Komardina,RUS       
34.628099173553721,201668,42,Alexandra Panova,RUS       
34.628099173553721,214868,76,Valeriya Yushchenko,RUS       
34.628099173553721,214181,135,Anastasia Gasanova,RUS       
34.628099173553721,216299,63,Ekaterina Vishnevskaya,RUS       
34.628099173553721,211876,79,Angelina Zhuravleva,RUS       
34.628099173553721,214766,36,Margarita Skryabina,RUS       
34.628099173553721,215020,178,Anna Blinkova,RUS       
34.628099173553721,221059,58,Noel Saidenova,RUS       
34.628099173553721,211809,101,Daria Lodikova,RUS       
34.628099173553721,201499,146,Anastasia Pavlyuchenkova,RUS       
34.628099173553721,216287,63,Ekaterina Shalimova,RUS       
34.628099173553721,203474,73,Nika Kukharchuk,RUS       
34.628099173553721,215218,91,Anna Ukolova,RUS       
34.628099173553721,215872,100,Kamilla Rakhimova,RUS       
34.628099173553721,216134,105,Vlada Koval,RUS       
34.628099173553721,221247,49,Ekaterina Makarova 1996,RUS       
34.628099173553721,216139,62,Sofya Lansere,RUS       
34.628099173553721,221237,68,Maria Timofeeva,RUS       
34.628099173553721,206404,40,Elizaveta Kulichkova,RUS       
34.628099173553721,123809,40,Ivan Gakhov,RUS       
34.628099173553721,104628,36,Alexander Kudryavtsev,RUS       
34.628099173553721,202529,56,Natalia Orlova,RUS       
34.628099173553721,201455,78,Elena Vesnina,RUS       
34.628099173553721,214343,79,Marta Paigina,RUS       
34.628099173553721,104022,90,Mikhail Youzhny,RUS       
34.628099173553721,202506,71,Margarita Gasparyan,RUS       
34.628099173553721,211524,39,Ulyana Ayzatulina,RUS       
34.628099173553721,206420,188,Ekaterina Alexandrova,RUS       
34.628099173553721,106421,266,Daniil Medvedev,RUS       
34.628099173553721,203542,95,Daria Mironova,RUS       
34.628099173553721,202491,128,Varvara Flink,RUS       
34.628099173553721,106348,105,Evgeny Karlovskiy,RUS       
34.628099173553721,221178,102,Darya Astakhova,RUS       
34.628099173553721,203572,110,Polina Monova,RUS       
34.628099173553721,203569,123,Olga Doroshina,RUS       
34.628099173553721,214812,77,Aleksandra Pospelova,RUS       
34.628099173553721,221395,39,Ekaterina Reyngold,RUS       
34.628099173553721,214546,132,Ekaterina Kazionova,RUS       
34.628099173553721,203537,142,Victoria Kan,RUS       
34.628099173553721,201345,49,Maria Sharapova,RUS       
34.628099173553721,221209,65,Anastasia Zolotareva,RUS       
34.628099173553721,221210,48,Daria Kudashova,RUS       
34.628099173553721,214517,35,Polina Golubovskaya,RUS       
34.628099173553721,216179,64,Valeriya Olyanovskaya,RUS       
34.628099173553721,201329,95,Vera Zvonareva,RUS       
34.628099173553721,215234,104,Daria Kruzhkova,RUS       
34.628099173553721,214975,67,Anhzelika Isaeva,RUS       
34.628099173553721,126128,96,Roman Safiullin,RUS       
34.628099173553721,203540,58,Anastasia Frolova,RUS       
34.628099173553721,206368,188,Veronika Kudermetova,RUS       
34.628099173553721,126094,242,Andrey Rublev,RUS       
34.628099173553721,206371,75,Alina Silich,RUS       
34.628099173553721,201320,118,Svetlana Kuznetsova,RUS       
34.628099173553721,205873,149,Anna Morgina,RUS       
34.628099173553721,220589,66,Elina Avanesyan,RUS       
34.628099173553721,220259,43,Daria Nazarkina,RUS       
34.628099173553721,219875,129,Varvara Gracheva,RUS       
34.628099173553721,104505,82,Konstantin Kravchuk,RUS       
34.628099173553721,213976,76,Diana Demidova,RUS       
34.628099173553721,105723,77,Andrey Kuznetsov,RUS       
34.628099173553721,220391,72,Anna Ureke,RUS       
34.628099173553721,219792,55,Anastasia Sukhotina,RUS       
34.628099173553721,106234,136,Aslan Karatsev,RUS       
34.628099173553721,220276,46,Evgeniya Burdina,RUS       
34.628099173553721,205759,80,Margarita Lazareva,RUS       
34.628099173553721,220435,101,Anastasia Zakharova,RUS       
34.628099173553721,201532,43,Anastasia Pivovarova,RUS       
34.628099173553721,210672,110,Polina Leykina,RUS       
34.628099173553721,205606,69,Viktoria Kamenskaya,RUS       
34.628099173553721,203379,128,Marina Melnikova,RUS       
34.628099173553721,222965,40,Erika Andreeva,RUS       
34.628099173553721,201516,102,Evgeniya Rodina,RUS       
34.628099173553721,215976,39,Valeriya Zeleva,RUS       
34.628099173553721,205969,89,Yana Sizikova,RUS       
34.628099173553721,214643,155,Ludmilla Samsonova,RUS       
34.628099173553721,213896,37,Elina Nepliy,RUS       
34.628099173553721,212001,129,Natalia Vikhlyantseva,RUS       
34.628099173553721,215713,104,Anastasia Potapova,RUS       
34.628099173553721,201613,160,Arina Rodionova,RUS       
34.628099173553721,215177,80,Polina Bakhmutkina,RUS       
34.628099173553721,106072,127,Alexey Vatutin,RUS       
34.628099173553721,202672,107,Ekaterina Yashina,RUS       
34.628099173553721,201505,106,Ekaterina Makarova,RUS       
34.628099173553721,215733,43,Ekaterina Ovcharenko,RUS       
34.628099173553721,105539,160,Evgeny Donskoy,RUS       
34.628099173553721,245118,142,Valeria Savinykh,RUS       
34.628099173553721,202445,47,Valeria Solovieva,RUS       
34.628099173553721,201554,132,Vitalia Diatchenko,RUS       
34.628099173553721,214082,176,Darya Kasatkina,RUS       
34.628099173553721,214047,54,Vasilisa Aponasenko,RUS       
34.628099173553721,111575,199,Karen Khachanov,RUS       
34.628099173553721,213533,104,Maria Marfutina,RUS       
34.628099173553721,213737,143,Anastasia Evgenyevna Nefedova,RUS       
34.628099173553721,214939,166,Anna Kalinskaya,RUS       
34.628099173553721,221557,40,Taisya Pachkaleva,RUS       
34.628099173553721,104559,115,Teymuraz Gabashvili,RUS       
34.628099173553721,222919,43,Julia Avdeeva,RUS       
34.628099173553721,206116,37,Sofia Dmitrieva,RUS       
34.628099173553721,214020,148,Amina Anshba,RUS       
34.628099173553721,200303,69,Pavel Kotov,RUS       
34.628099173553721,212053,138,Anastasia Pribylova,RUS       
1.6000000000000001,221105,4,Hx Izabella Tan,SGP       
16.333333333333332,210740,34,Stefanie Tan,SIN       
44.434782608695649,214460,102,Manca Pislak,SLO       
44.434782608695649,104882,140,Blaz Kavcic,SLO       
44.434782608695649,222458,47,Pia Lovric,SLO       
44.434782608695649,201657,172,Nastja Kolar,SLO       
44.434782608695649,105641,165,Blaz Rola,SLO       
44.434782608695649,203435,156,Dalila Jakupovic,SLO       
44.434782608695649,211738,56,Pia Cuk,SLO       
44.434782608695649,215219,128,Kaja Juvan,SLO       
44.434782608695649,220713,75,Nika Radisic,SLO       
44.434782608695649,201555,142,Polona Hercog,SLO       
44.434782608695649,211967,145,Nina Potocnik,SLO       
44.434782608695649,221139,45,Ziva Falkner,SLO       
44.434782608695649,220662,70,Veronika Erjavec,SLO       
44.434782608695649,221151,46,Tina Cvetkovic,SLO       
44.434782608695649,214461,202,Tamara Zidansek,SLO       
44.434782608695649,105379,152,Aljaz Bedene,SLO       
37.458333333333336,210337,131,Natalija Kostic,SRB       
37.458333333333336,211407,146,Dejana Radanovic,SRB       
37.458333333333336,111513,168,Laslo Djere,SRB       
37.458333333333336,110748,143,Nikola Milojevic,SRB       
37.458333333333336,104925,289,Novak Djokovic,SRB       
37.458333333333336,106353,103,Pedja Krstin,SRB       
37.458333333333336,211412,132,Bojana Marinkovic,SRB       
37.458333333333336,245114,136,Aleksandra Krunic,SRB       
37.458333333333336,211411,147,Nina Stojanovic,SRB       
37.458333333333336,204301,54,Barbara Bonic,SRB       
37.458333333333336,203303,72,Ana Veselinovic,SRB       
37.458333333333336,104678,122,Viktor Troicki,SRB       
37.458333333333336,104386,54,Janko Tipsarevic,SRB       
37.458333333333336,220430,62,Mihaela Djakovic,SRB       
37.458333333333336,105181,61,Miljan Zekic,SRB       
37.458333333333336,105583,154,Dusan Lajovic,SRB       
37.458333333333336,200175,125,Miomir Kecmanovic,SRB       
37.458333333333336,206049,101,Jovana Jaksic,SRB       
37.458333333333336,203429,141,Tamara Curovic,SRB       
37.458333333333336,211736,128,Ivana Jorovic,SRB       
37.458333333333336,214660,42,Katarina Kozarov,SRB       
37.458333333333336,105936,178,Filip Krajinovic,SRB       
37.458333333333336,215337,106,Olga Danilovic,SRB       
37.458333333333336,216007,54,Draginja Vukovic,SRB       
37.458333333333336,105905,110,Danilo Petrovic,SRB       
8.3333333333333339,220453,59,Adithya Karunaratne,SRI       
47.965909090909093,211557,101,Nina Stadler,SUI       
47.965909090909093,214826,140,Susan Bandecchi,SUI       
47.965909090909093,215111,91,Joanne Zuger,SUI       
47.965909090909093,201527,138,Stefanie Voegele,SUI       
47.965909090909093,202424,188,Conny Perrin,SUI       
47.965909090909093,220489,72,Valentina Ryser,SUI       
47.965909090909093,215712,52,Nicole Gadient,SUI       
47.965909090909093,214930,62,Jenny Duerst,SUI       
47.965909090909093,203326,106,Lisa Sabino,SUI       
47.965909090909093,213525,171,Jil Belen Teichmann,SUI       
47.965909090909093,105967,189,Henri Laaksonen,SUI       
47.965909090909093,213837,166,Ylena In Albon,SUI       
47.965909090909093,215259,142,Leonie Kung,SUI       
47.965909090909093,221254,48,Nadine Keller,SUI       
47.965909090909093,215472,53,Fiona Ganz,SUI       
47.965909090909093,200067,75,Patty Schnyder,SUI       
47.965909090909093,104527,147,Stan Wawrinka,SUI       
47.965909090909093,215697,79,Arlinda Rushiti,SUI       
47.965909090909093,215138,80,Lulu Radovcic,SUI       
47.965909090909093,103819,190,Roger Federer,SUI       
47.965909090909093,103843,53,Marco Chiudinelli,SUI       
47.965909090909093,211821,58,Chiara Grimm,SUI       
47.965909090909093,201490,80,Timea Bacsinszky,SUI       
47.965909090909093,203530,180,Viktorija Golubic,SUI       
47.965909090909093,216045,62,Svenja Ochsner,SUI       
47.965909090909093,214119,109,Rebeka Masarova,SUI       
47.965909090909093,202505,165,Belinda Bencic,SUI       
47.965909090909093,144817,74,Marc Andrea Huesler,SUI       
47.965909090909093,215899,121,Simona Waltert,SUI       
47.965909090909093,206175,135,Tess Sugnaux,SUI       
47.965909090909093,206419,118,Karin Kennel,SUI       
47.965909090909093,201670,53,Amra Sadikovic,SUI       
37.944444444444443,201568,114,Kristina Kucova,SVK       
37.944444444444443,202636,93,Zuzana Zlochova,SVK       
37.944444444444443,201649,60,Lenka Jurikova,SVK       
37.944444444444443,105413,177,Andrej Martin,SVK       
37.944444444444443,214295,126,Tereza Mihalikova,SVK       
37.944444444444443,201495,114,Dominika Cibulkova,SVK       
37.944444444444443,203533,138,Anna Karolina Schmiedlova,SVK       
37.944444444444443,203428,73,Vivien Juhaszova,SVK       
37.944444444444443,105373,127,Martin Klizan,SVK       
37.944444444444443,105613,168,Norbert Gombos,SVK       
37.944444444444443,214149,205,Viktoria Kuzmova,SVK       
37.944444444444443,215077,89,Viktoria Morvayova,SVK       
37.944444444444443,214123,45,Kristina Schmiedlova,SVK       
37.944444444444443,201517,87,Magdalena Rybarikova,SVK       
37.944444444444443,214750,59,Timea Jaruskova,SVK       
37.944444444444443,202922,84,Michaela Honcova,SVK       
37.944444444444443,221150,41,Eszter Meri,SVK       
37.944444444444443,106075,182,Jozef Kovalik,SVK       
37.944444444444443,127760,57,Lukas Klein,SVK       
37.944444444444443,106110,127,Filip Horansky,SVK       
37.944444444444443,202450,126,Jana Cepelova,SVK       
37.944444444444443,214716,41,Jana Jablonovska,SVK       
37.944444444444443,211685,153,Rebecca Sramkova,SVK       
37.944444444444443,144684,91,Alex Molcan,SVK       
37.944444444444443,105041,149,Lukas Lacko,SVK       
37.944444444444443,221382,54,Katarina Kuzmova,SVK       
37.944444444444443,205875,139,Chantal Skamlova,SVK       
37.944444444444443,221309,50,Sofia Milatova,SVK       
23.482758620689655,202490,154,Rebecca Peterson,SWE       
23.482758620689655,216385,51,Caijsa Wilda Hennemann,SWE       
23.482758620689655,214405,116,Mirjam Bjorklund,SWE       
23.482758620689655,206228,30,Anette Munozova,SWE       
23.482758620689655,208939,72,Marina Yudanov,SWE       
23.482758620689655,214973,84,Linnea Malmqvist,SWE       
23.482758620689655,105436,49,Markus Eriksson,SWE       
23.482758620689655,206178,66,Susanne Celik,SWE       
23.482758620689655,105872,33,Christian Lindell,SWE       
23.482758620689655,220762,25,Julia Lovqvist,SWE       
23.482758620689655,204381,28,Louise Brunskog,SWE       
23.482758620689655,215926,49,Julita Saner,SWE       
23.482758620689655,210957,51,Cornelia Lister,SWE       
23.482758620689655,111200,174,Elias Ymer,SWE       
23.482758620689655,211541,145,Jacqueline Cabaj Awad,SWE       
23.482758620689655,144707,160,Mikael Ymer,SWE       
23.482758620689655,201596,101,Johanna Larsson,SWE       
23.482758620689655,213714,134,Fanny Ostlund,SWE       
23.482758620689655,214438,37,Ida Jarlskog,SWE       
23.482758620689655,204379,41,Brenda Njuki,SWE       
23.482758620689655,211643,53,Kajsa Rinaldo Persson,SWE       
23.482758620689655,221357,32,Maria Fernanda Morales,SWE       
23.482758620689655,219984,29,Melis Yasar,SWE       
20.702127659574469,106397,33,Wishaya Trongcharoenchaikul,THA       
20.702127659574469,202503,119,Luksika Kumkhum,THA       
20.702127659574469,201598,29,Noppawan Lertcheewakarn,THA       
20.702127659574469,211756,66,Patcharin Cheapchandej,THA       
20.702127659574469,201682,92,Nudnida Luangnam,THA       
20.702127659574469,201631,29,Nicha Lertpitaksinchai,THA       
20.702127659574469,220598,22,Aunchisa Chanta,THA       
20.702127659574469,216566,43,Mananchaya Sawangkaew,THA       
20.702127659574469,213828,36,Chompoothip Jandakate,THA       
20.702127659574469,220392,27,Punnin Kovapitukted,THA       
20.702127659574469,213841,32,Tamachan Momkoonthod,THA       
20.702127659574469,215186,34,Watsachol Sawasdee,THA       
20.702127659574469,214277,94,Bunyawi Thamchaiwat,THA       
20.702127659574469,204223,120,Peangtarn Plipuech,THA       
20.702127659574469,206154,22,Varunya Wongteanchai,THA       
20.702127659574469,201679,41,Varatchaya Wongteanchai,THA       
20.702127659574469,206151,21,Kamonwan Buayam,THA       
2.5,221828,3,Anastasiya Tursunova,TJK       
31.130434782608695,105359,164,Jason Jung,TPE       
31.130434782608695,105738,67,Tsung Hua Yang,TPE       
31.130434782608695,104229,80,Yen Hsun Lu,TPE       
31.130434782608695,202693,116,Ya Hsuan Lee,TPE       
31.130434782608695,210926,124,Pei Chi Lee,TPE       
31.130434782608695,210931,54,Ching Wen Hsu,TPE       
31.130434782608695,202358,51,Chun Hsin Tseng,TPE       
31.130434782608695,220466,86,Joanna Garland,TPE       
31.130434782608695,215314,68,En Shuo Liang,TPE       
31.130434782608695,206111,74,Hua Chen Lee,TPE       
31.130434782608695,126555,80,Tung Lin Wu,TPE       
31.130434782608695,201578,84,Kai Chen Chang,TPE       
31.130434782608695,201444,143,Su Wei Hsieh,TPE       
7,245129,8,Yolande Leacock,TRI       
7,212272,11,Breana Stampfli,TRI       
23.043478260869566,109734,24,Skander Mansouri,TUN       
23.043478260869566,202460,189,Ons Jabeur,TUN       
23.043478260869566,104291,141,Malek Jaziri,TUN       
23.043478260869566,214032,74,Chiraz Bechri,TUN       
20.513157894736842,220356,30,Doga Turkmen,TUR       
20.513157894736842,213998,121,Ipek Oz,TUR       
20.513157894736842,220309,57,Zeynep Sonmez,TUR       
20.513157894736842,104947,33,Marsel Ilhan,TUR       
20.513157894736842,203567,111,Ipek Soylu,TUR       
20.513157894736842,203534,116,Melis Sezer,TUR       
20.513157894736842,222803,24,Ozlem Uslu,TUR       
20.513157894736842,117356,113,Cem Ilkel,TUR       
20.513157894736842,123795,76,Altug Celikbilek,TUR       
20.513157894736842,214507,113,Berfu Cengiz,TUR       
20.513157894736842,215879,77,Ilay Yoruk,TUR       
20.513157894736842,201664,154,Pemra Ozgen,TUR       
20.513157894736842,201666,137,Cagla Buyukakcay,TUR       
20.513157894736842,201701,125,Basak Eraydin,TUR       
20.513157894736842,206227,45,Cemre Anil,TUR       
30.669291338582678,216146,120,Marta Kostyuk,UKR       
30.669291338582678,105011,128,Illya Marchenko,UKR       
30.669291338582678,220258,31,Viktoriya Petrenko,UKR       
30.669291338582678,202494,232,Elina Svitolina,UKR       
30.669291338582678,104660,178,Sergiy Stakhovsky,UKR       
30.669291338582678,201435,104,Kateryna Bondarenko,UKR       
30.669291338582678,221114,54,Dasha Lopatetskaya,UKR       
30.669291338582678,201615,120,Lesia Tsurenko,UKR       
30.669291338582678,203462,139,Kateryna Kozlova,UKR       
30.669291338582678,105238,53,Alexandr Dolgopolov,UKR       
30.669291338582678,214758,32,Gyulnara Nazarova,UKR       
30.669291338582678,215290,128,Katarina Zavatska,UKR       
30.669291338582678,216319,41,Anastasiya Poplavska,UKR       
30.669291338582678,215035,127,Dayana Yastremska,UKR       
30.669291338582678,202628,162,Maryna Zanevska,UKR       
30.669291338582678,202558,31,Veronika Kapshay,UKR       
30.669291338582678,104920,40,Denys Molchanov,UKR       
30.669291338582678,215553,43,Viktoriia Dema,UKR       
30.669291338582678,215554,113,Maryna Chernyshova,UKR       
30.669291338582678,220750,70,Daria Snigur,UKR       
30.669291338582678,202488,132,Valentyna Ivakhnenko,UKR       
30.669291338582678,202911,59,Anastasiya Vasylyeva,UKR       
30.669291338582678,213582,40,Kateryna Sliusar,UKR       
30.669291338582678,221371,35,Lyubov Kostenko,UKR       
30.669291338582678,203541,33,Elizaveta Ianchuk,UKR       
30.669291338582678,206069,91,Marianna Zakarlyuk,UKR       
30.669291338582678,214158,121,Anastasiya Shoshyna,UKR       
30.669291338582678,211063,145,Valeriya Strakhova,UKR       
30.669291338582678,206070,36,Sofiya Kovalets,UKR       
30.669291338582678,245124,123,Ganna Poznikhirenko,UKR       
30.669291338582678,211472,38,Oleksandra Korashvili,UKR       
30.669291338582678,203549,95,Olga Ianchuk,UKR       
30.669291338582678,211843,160,Anhelina Kalinina,UKR       
30.669291338582678,245139,57,Alona Fomina,UKR       
30.669291338582678,213941,123,Anastasia Zarytska,UKR       
2.6666666666666665,221697,6,Yu Chen,UNK       
20.416666666666668,104655,155,Pablo Cuevas,URU       
20.416666666666668,105899,62,Martin Cuevas,URU       
28.418402777777779,211222,144,Jamie Loeb,USA       
28.418402777777779,215470,46,Lorraine M Guillermo,USA       
28.418402777777779,211225,81,Quinn Gleason,USA       
28.418402777777779,202468,145,Jessica Pegula,USA       
28.418402777777779,202479,136,Grace Min,USA       
28.418402777777779,105065,109,Tim Smyczek,USA       
28.418402777777779,211635,88,Louisa Chirico,USA       
28.418402777777779,202379,109,Chieh Yu Hsu,USA       
28.418402777777779,206909,72,Brandon Nakashima,USA       
28.418402777777779,202385,47,Jenson Brooksby,USA       
28.418402777777779,206433,39,Nadia Echeverria Alam,USA       
28.418402777777779,215555,38,Roosh Wijesundera,USA       
28.418402777777779,210293,33,Joelle Kissell,USA       
28.418402777777779,201604,72,Irina Falconi,USA       
28.418402777777779,201619,139,Madison Keys,USA       
28.418402777777779,215794,40,Hurricane Tyra Black,USA       
28.418402777777779,201616,140,Lauren Davis,USA       
28.418402777777779,201603,108,Shelby Rogers,USA       
28.418402777777779,201585,118,Sloane Stephens,USA       
28.418402777777779,201590,136,Alison Riske,USA       
28.418402777777779,210382,42,Sabrina Santamaria,USA       
28.418402777777779,202195,63,Maxime Cressy,USA       
28.418402777777779,245109,47,Julia Boserup,USA       
28.418402777777779,211094,35,Julia Elbaba,USA       
28.418402777777779,211095,153,Bernarda Pera,USA       
28.418402777777779,211103,51,Shelby Talcott,USA       
28.418402777777779,245105,63,Catherine Harrison,USA       
28.418402777777779,245100,118,Serena Williams,USA       
28.418402777777779,215769,38,Sarah Lee,USA       
28.418402777777779,210717,33,Madeleine Kobelt,USA       
28.418402777777779,215763,59,Sofia Sewing,USA       
28.418402777777779,215371,114,Francesca Di Lorenzo,USA       
28.418402777777779,214019,42,Raveena Kingsley,USA       
28.418402777777779,104545,166,John Isner,USA       
28.418402777777779,214007,148,Dasha Ivanova,USA       
28.418402777777779,203315,34,Alexa Guarachi,USA       
28.418402777777779,214728,76,Ashley Kratzer,USA       
28.418402777777779,203341,59,Sanaz Marand,USA       
28.418402777777779,214875,30,Kennedy Shaffer,USA       
28.418402777777779,214777,33,Taylor Ng,USA       
28.418402777777779,214849,32,Maegan Manasse,USA       
28.418402777777779,213949,131,Hanna Chang,USA       
28.418402777777779,203370,53,Tori Kinard,USA       
28.418402777777779,214453,94,Sophie Chang,USA       
28.418402777777779,214452,129,Caroline Dolehide,USA       
28.418402777777779,203513,114,Robin Anderson,USA       
28.418402777777779,214297,83,Jessie Aney,USA       
28.418402777777779,203501,127,Taylor Townsend,USA       
28.418402777777779,214263,100,Catherine Cartan Bellis,USA       
28.418402777777779,214696,49,Jessica Failla,USA       
28.418402777777779,203389,149,Danielle Rose Collins,USA       
28.418402777777779,203398,112,Danielle Lao,USA       
28.418402777777779,203500,143,Sachia Vickery,USA       
28.418402777777779,213861,30,Ronit Yurovsky,USA       
28.418402777777779,214906,125,Claire Liu,USA       
28.418402777777779,202496,29,Samantha Crawford,USA       
28.418402777777779,213550,191,Sofia Kenin,USA       
28.418402777777779,202497,60,Victoria Duval,USA       
28.418402777777779,202500,78,Maria Sanchez,USA       
28.418402777777779,202495,92,Jennifer Elie,USA       
28.418402777777779,215230,33,Katharine Fahey,USA       
28.418402777777779,206108,163,Jennifer Brady,USA       
28.418402777777779,202481,157,Chi Chi Scholl,USA       
28.418402777777779,202484,130,Nicole Gibbs,USA       
28.418402777777779,105023,127,Sam Querrey,USA       
28.418402777777779,211765,94,Emina Bektas,USA       
28.418402777777779,213530,97,Allie Kiick,USA       
28.418402777777779,211854,82,Katerina Stewart,USA       
28.418402777777779,211855,58,Jessica Ho,USA       
28.418402777777779,213767,133,Ayla Aksu,USA       
28.418402777777779,213771,46,Rasheeda Mcadoo,USA       
28.418402777777779,213772,74,Amy Zhu,USA       
28.418402777777779,205499,38,Pamela Montez,USA       
28.418402777777779,202614,59,Jacqueline Cako,USA       
28.418402777777779,213673,113,Ellie Halbauer,USA       
28.418402777777779,213659,30,Alexa Graham,USA       
28.418402777777779,205922,44,Chanelle Van Nguyen,USA       
28.418402777777779,215064,88,Maria Mateas,USA       
28.418402777777779,215037,93,Kayla Day,USA       
28.418402777777779,213672,130,Usue Maitane Arconada,USA       
28.418402777777779,201535,93,Coco Vandeweghe,USA       
28.418402777777779,106058,113,Jack Sock,USA       
28.418402777777779,106045,182,Denis Kudla,USA       
28.418402777777779,106031,46,Raymond Sarmiento,USA       
28.418402777777779,111582,49,Jared Hiltzik,USA       
28.418402777777779,111765,48,Evan Song,USA       
28.418402777777779,123768,33,Collin Altamirano,USA       
28.418402777777779,126206,32,Alex Rybakov,USA       
28.418402777777779,126207,178,Frances Tiafoe,USA       
28.418402777777779,221120,34,Gianna Pielet,USA       
28.418402777777779,221103,78,Cori Gauff,USA       
28.418402777777779,221100,31,Charlotte Chavatipon,USA       
28.418402777777779,201539,144,Christina Mchale,USA       
28.418402777777779,221024,67,Hailey Baptiste,USA       
28.418402777777779,105871,75,Sekou Bangoura,USA       
28.418402777777779,126203,194,Taylor Fritz,USA       
28.418402777777779,124014,155,Ernesto Escobedo,USA       
28.418402777777779,105992,106,Ryan Harrison,USA       
28.418402777777779,124187,141,Reilly Opelka,USA       
28.418402777777779,126205,162,Tommy Paul,USA       
28.418402777777779,126152,31,Ryan Shane,USA       
28.418402777777779,105960,80,Evan King,USA       
28.418402777777779,111581,141,Michael Mmoh,USA       
28.418402777777779,106328,65,Christian Harrison,USA       
28.418402777777779,222036,35,Zoe Howard,USA       
28.418402777777779,222198,61,Emma Davis,USA       
28.418402777777779,111456,155,Mackenzie McDonald,USA       
28.418402777777779,111511,111,Noah Rubin,USA       
28.418402777777779,106218,136,Marcos Giron,USA       
28.418402777777779,106216,175,Bjorn Fratangelo,USA       
28.418402777777779,111515,79,Thai Son Kwiatkowski,USA       
28.418402777777779,111153,99,Christopher Eubanks,USA       
28.418402777777779,111574,85,Jc Aragone,USA       
28.418402777777779,111577,87,Jared Donaldson,USA       
28.418402777777779,111578,119,Stefan Kozlov,USA       
28.418402777777779,106283,136,Mitchell Krueger,USA       
28.418402777777779,221914,31,Jenna Defalco,USA       
28.418402777777779,106265,38,Michael Redlicki,USA       
28.418402777777779,106261,90,Dennis Novikov,USA       
28.418402777777779,110536,72,Kevin King,USA       
28.418402777777779,105512,92,Alexander Sarkissian,USA       
28.418402777777779,220005,30,Natasha Subhash,USA       
28.418402777777779,105614,104,Bradley Klahn,USA       
28.418402777777779,219917,63,Alycia Parks,USA       
28.418402777777779,105572,55,Austin Krajicek,USA       
28.418402777777779,219663,45,Lauren Proctor,USA       
28.418402777777779,200265,68,Ulises Blanch,USA       
28.418402777777779,200624,78,Sebastian Korda,USA       
28.418402777777779,216076,34,Ashley Lahey,USA       
28.418402777777779,201529,136,Kristie Ahn,USA       
28.418402777777779,215992,66,Whitney Osuigwe,USA       
28.418402777777779,105385,103,Donald Young,USA       
28.418402777777779,201534,128,Asia Muhammed,USA       
28.418402777777779,215983,111,Ann Li,USA       
28.418402777777779,201483,157,Madison Brengle,USA       
28.418402777777779,216083,71,Caty Mcnally,USA       
28.418402777777779,201476,38,Lauren Albanese,USA       
28.418402777777779,200670,63,J.J. Wolf,USA       
28.418402777777779,200748,105,Venus Williams,USA       
28.418402777777779,201318,48,Bethanie Mattek Sands,USA       
28.418402777777779,216153,97,Amanda Anisimova,USA       
28.418402777777779,201443,38,Alexa Glatch,USA       
28.418402777777779,201447,35,Vania King,USA       
28.418402777777779,105449,146,Steve Johnson,USA       
28.418402777777779,216097,56,Elizabeth Mandlik,USA       
28.418402777777779,201478,153,Varvara Lepchenko,USA       
28.418402777777779,220548,41,Peyton Stearns,USA       
28.418402777777779,132482,33,Liam Caruana,USA       
28.418402777777779,220721,34,Sophia Whittle,USA       
28.418402777777779,220465,64,Katie Volynets,USA       
28.418402777777779,220371,41,Ellie Douglas,USA       
28.418402777777779,105654,51,Daniel Nguyen,USA       
28.418402777777779,105815,140,Tennys Sandgren,USA       
19.34090909090909,201672,106,Nigina Abduraimova,UZB       
19.34090909090909,201674,167,Sabina Sharipova,UZB       
19.34090909090909,201454,57,Akgul Amanmuradova,UZB       
19.34090909090909,126939,33,Khumoun Sultanov,UZB       
19.34090909090909,104797,135,Denis Istomin,UZB       
19.34090909090909,202387,148,Vlada Ekshibarova,UZB       
19.34090909090909,203469,37,Albina Khabibulina,UZB       
25.363636363636363,203521,166,Andrea Gamiz,VEN       
25.363636363636363,106175,29,Ricardo Rodriguez,VEN       
25.363636363636363,105334,27,Luis David Martinez,VEN       
25.363636363636363,206387,32,Aymet Uzcategui,VEN       
6.666666666666667,122533,18,Nam Hoang Ly,VIE       
21.833333333333332,210526,69,Valeria Bhunu,ZIM       
21.833333333333332,111761,24,Benjamin Lock,ZIM       
21.833333333333332,105626,31,Takanyi Garanganga,ZIM       
